,date,Afghanistan_nan,Albania_nan,Algeria_nan,Andorra_nan,Angola_nan,Antigua and Barbuda_nan,Argentina_nan,Armenia_nan,Australia_Australian Capital Territory,Australia_New South Wales,Australia_Northern Territory,Australia_Queensland,Australia_South Australia,Australia_Tasmania,Australia_Victoria,Australia_Western Australia,Austria_nan,Azerbaijan_nan,Bahamas_nan,Bahrain_nan,Bangladesh_nan,Barbados_nan,Belarus_nan,Belgium_nan,Belize_nan,Benin_nan,Bhutan_nan,Bolivia_nan,Bosnia and Herzegovina_nan,Botswana_nan,Brazil_nan,Brunei_nan,Bulgaria_nan,Burkina Faso_nan,Burma_nan,Burundi_nan,Cabo Verde_nan,Cambodia_nan,Cameroon_nan,Canada_Alberta,Canada_British Columbia,Canada_Diamond Princess,Canada_Grand Princess,Canada_Manitoba,Canada_New Brunswick,Canada_Newfoundland and Labrador,Canada_Northwest Territories,Canada_Nova Scotia,Canada_Ontario,Canada_Prince Edward Island,Canada_Quebec,Canada_Recovered,Canada_Saskatchewan,Canada_Yukon,Central African Republic_nan,Chad_nan,Chile_nan,China_Anhui,China_Beijing,China_Chongqing,China_Fujian,China_Gansu,China_Guangdong,China_Guangxi,China_Guizhou,China_Hainan,China_Hebei,China_Heilongjiang,China_Henan,China_Hong Kong,China_Hubei,China_Hunan,China_Inner Mongolia,China_Jiangsu,China_Jiangxi,China_Jilin,China_Liaoning,China_Macau,China_Ningxia,China_Qinghai,China_Shaanxi,China_Shandong,China_Shanghai,China_Shanxi,China_Sichuan,China_Tianjin,China_Tibet,China_Xinjiang,China_Yunnan,China_Zhejiang,Colombia_nan,Congo (Brazzaville)_nan,Congo (Kinshasa)_nan,Costa Rica_nan,Cote d'Ivoire_nan,Croatia_nan,Cuba_nan,Cyprus_nan,Czechia_nan,Denmark_Faroe Islands,Denmark_Greenland,Denmark_nan,Diamond Princess_nan,Djibouti_nan,Dominica_nan,Dominican Republic_nan,Ecuador_nan,Egypt_nan,El Salvador_nan,Equatorial Guinea_nan,Eritrea_nan,Estonia_nan,Eswatini_nan,Ethiopia_nan,Fiji_nan,Finland_nan,France_French Guiana,France_French Polynesia,France_Guadeloupe,France_Martinique,France_Mayotte,France_New Caledonia,France_Reunion,France_Saint Barthelemy,France_Saint Pierre and Miquelon,France_St Martin,France_nan,Gabon_nan,Gambia_nan,Georgia_nan,Germany_nan,Ghana_nan,Greece_nan,Grenada_nan,Guatemala_nan,Guinea-Bissau_nan,Guinea_nan,Guyana_nan,Haiti_nan,Holy See_nan,Honduras_nan,Hungary_nan,Iceland_nan,India_nan,Indonesia_nan,Iran_nan,Iraq_nan,Ireland_nan,Israel_nan,Italy_nan,Jamaica_nan,Japan_nan,Jordan_nan,Kazakhstan_nan,Kenya_nan,"Korea, South_nan",Kosovo_nan,Kuwait_nan,Kyrgyzstan_nan,Laos_nan,Latvia_nan,Lebanon_nan,Liberia_nan,Libya_nan,Liechtenstein_nan,Lithuania_nan,Luxembourg_nan,MS Zaandam_nan,Madagascar_nan,Malawi_nan,Malaysia_nan,Maldives_nan,Mali_nan,Malta_nan,Mauritania_nan,Mauritius_nan,Mexico_nan,Moldova_nan,Monaco_nan,Mongolia_nan,Montenegro_nan,Morocco_nan,Mozambique_nan,Namibia_nan,Nepal_nan,Netherlands_Aruba,"Netherlands_Bonaire, Sint Eustatius and Saba",Netherlands_Curacao,Netherlands_Sint Maarten,Netherlands_nan,New Zealand_nan,Nicaragua_nan,Niger_nan,Nigeria_nan,North Macedonia_nan,Norway_nan,Oman_nan,Pakistan_nan,Panama_nan,Papua New Guinea_nan,Paraguay_nan,Peru_nan,Philippines_nan,Poland_nan,Portugal_nan,Qatar_nan,Romania_nan,Russia_nan,Rwanda_nan,Saint Kitts and Nevis_nan,Saint Lucia_nan,Saint Vincent and the Grenadines_nan,San Marino_nan,Sao Tome and Principe_nan,Saudi Arabia_nan,Senegal_nan,Serbia_nan,Seychelles_nan,Sierra Leone_nan,Singapore_nan,Slovakia_nan,Slovenia_nan,Somalia_nan,South Africa_nan,South Sudan_nan,Spain_nan,Sri Lanka_nan,Sudan_nan,Suriname_nan,Sweden_nan,Switzerland_nan,Syria_nan,Taiwan*_nan,Tanzania_nan,Thailand_nan,Timor-Leste_nan,Togo_nan,Trinidad and Tobago_nan,Tunisia_nan,Turkey_nan,Uganda_nan,Ukraine_nan,United Arab Emirates_nan,United Kingdom_Anguilla,United Kingdom_Bermuda,United Kingdom_British Virgin Islands,United Kingdom_Cayman Islands,United Kingdom_Channel Islands,United Kingdom_Falkland Islands (Malvinas),United Kingdom_Gibraltar,United Kingdom_Isle of Man,United Kingdom_Montserrat,United Kingdom_Turks and Caicos Islands,United Kingdom_nan,United States_nan,Uruguay_nan,Uzbekistan_nan,Venezuela_nan,Vietnam_nan,West Bank and Gaza_nan,Western Sahara_nan,Yemen_nan,Zambia_nan,Zimbabwe_nan
0,2020-01-22,0,0,0,0,0,0,0,0,0,0,0,0,0,0,0,0,0,0,0,0,0,0,0,0,0,0,0,0,0,0,0,0,0,0,0,0,0,0,0,0,0,0,0,0,0,0,0,0,0,0,0,0,0,0,0,0,0,1,14,6,1,0,26,2,1,4,1,0,5,0,444,4,0,1,2,0,2,1,1,0,0,2,9,1,5,4,0,0,1,10,0,0,0,0,0,0,0,0,0,0,0,0,0,0,0,0,0,0,0,0,0,0,0,0,0,0,0,0,0,0,0,0,0,0,0,0,0,0,0,0,0,0,0,0,0,0,0,0,0,0,0,0,0,0,0,0,0,0,0,0,0,2,0,0,0,1,0,0,0,0,0,0,0,0,0,0,0,0,0,0,0,0,0,0,0,0,0,0,0,0,0,0,0,0,0,0,0,0,0,0,0,0,0,0,0,0,0,0,0,0,0,0,0,0,0,0,0,0,0,0,0,0,0,0,0,0,0,0,0,0,0,0,0,0,0,0,0,0,0,0,0,0,1,0,2,0,0,0,0,0,0,0,0,0,0,0,0,0,0,0,0,0,0,0,1,0,0,0,0,0,0,0,0,0
1,2020-01-23,0,0,0,0,0,0,0,0,0,0,0,0,0,0,0,0,0,0,0,0,0,0,0,0,0,0,0,0,0,0,0,0,0,0,0,0,0,0,0,0,0,0,0,0,0,0,0,0,0,0,0,0,0,0,0,0,0,9,22,9,5,2,32,5,3,5,1,2,5,2,444,9,0,5,7,1,3,2,1,0,3,6,16,1,8,4,0,2,2,27,0,0,0,0,0,0,0,0,0,0,0,0,0,0,0,0,0,0,0,0,0,0,0,0,0,0,0,0,0,0,0,0,0,0,0,0,0,0,0,0,0,0,0,0,0,0,0,0,0,0,0,0,0,0,0,0,0,0,0,0,0,2,0,0,0,1,0,0,0,0,0,0,0,0,0,0,0,0,0,0,0,0,0,0,0,0,0,0,0,0,0,0,0,0,0,0,0,0,0,0,0,0,0,0,0,0,0,0,0,0,0,0,0,0,0,0,0,0,0,0,0,0,0,0,0,0,0,0,0,1,0,0,0,0,0,0,0,0,0,0,0,0,1,0,3,0,0,0,0,0,0,0,0,0,0,0,0,0,0,0,0,0,0,0,1,0,0,0,2,0,0,0,0,0
2,2020-01-24,0,0,0,0,0,0,0,0,0,0,0,0,0,0,0,0,0,0,0,0,0,0,0,0,0,0,0,0,0,0,0,0,0,0,0,0,0,0,0,0,0,0,0,0,0,0,0,0,0,0,0,0,0,0,0,0,0,15,36,27,10,2,53,23,3,8,2,4,9,2,549,24,1,9,18,3,4,2,2,0,5,15,20,1,15,8,0,2,5,43,0,0,0,0,0,0,0,0,0,0,0,0,0,0,0,0,0,0,0,0,0,0,0,0,0,0,0,0,0,0,0,0,0,0,0,0,2,0,0,0,0,0,0,0,0,0,0,0,0,0,0,0,0,0,0,0,0,0,0,0,0,2,0,0,0,2,0,0,0,0,0,0,0,0,0,0,0,0,0,0,0,0,0,0,0,0,0,0,0,0,0,0,0,0,0,0,0,0,0,0,0,0,0,0,0,0,0,0,0,0,0,0,0,0,0,0,0,0,0,0,0,0,0,0,0,0,0,0,0,3,0,0,0,0,0,0,0,0,0,0,0,0,3,0,5,0,0,0,0,0,0,0,0,0,0,0,0,0,0,0,0,0,0,0,2,0,0,0,2,0,0,0,0,0
3,2020-01-25,0,0,0,0,0,0,0,0,0,0,0,0,0,0,0,0,0,0,0,0,0,0,0,0,0,0,0,0,0,0,0,0,0,0,0,0,0,0,0,0,0,0,0,0,0,0,0,0,0,0,0,0,0,0,0,0,0,39,41,57,18,4,78,23,4,19,8,9,32,5,761,43,7,18,18,4,17,2,3,1,15,27,33,6,28,10,0,3,11,62,0,0,0,0,0,0,0,0,0,0,0,0,0,0,0,0,0,0,0,0,0,0,0,0,0,0,0,0,0,0,0,0,0,0,0,0,3,0,0,0,0,0,0,0,0,0,0,0,0,0,0,0,0,0,0,0,0,0,0,0,0,2,0,0,0,2,0,0,0,0,0,0,0,0,0,0,0,0,0,0,3,0,0,0,0,0,0,0,0,0,0,0,0,0,1,0,0,0,0,0,0,0,0,0,0,0,0,0,0,0,0,0,0,0,0,0,0,0,0,0,0,0,0,0,0,0,0,0,0,3,0,0,0,0,0,0,0,0,0,0,0,0,3,0,7,0,0,0,0,0,0,0,0,0,0,0,0,0,0,0,0,0,0,0,2,0,0,0,2,0,0,0,0,0
4,2020-01-26,0,0,0,0,0,0,0,0,0,3,0,0,0,0,1,0,0,0,0,0,0,0,0,0,0,0,0,0,0,0,0,0,0,0,0,0,0,0,0,0,0,0,0,0,0,0,0,0,1,0,0,0,0,0,0,0,0,60,68,75,35,7,111,36,5,22,13,15,83,8,1058,69,7,33,36,4,21,5,4,1,22,46,40,9,44,14,0,4,16,104,0,0,0,0,0,0,0,0,0,0,0,0,0,0,0,0,0,0,0,0,0,0,0,0,0,0,0,0,0,0,0,0,0,0,0,0,3,0,0,0,0,0,0,0,0,0,0,0,0,0,0,0,0,0,0,0,0,0,0,0,0,4,0,0,0,3,0,0,0,0,0,0,0,0,0,0,0,0,0,0,4,0,0,0,0,0,0,0,0,0,0,0,0,0,1,0,0,0,0,0,0,0,0,0,0,0,0,0,0,0,0,0,0,0,0,0,0,0,0,0,0,0,0,0,0,0,0,0,0,4,0,0,0,0,0,0,0,0,0,0,0,0,4,0,8,0,0,0,0,0,0,0,0,0,0,0,0,0,0,0,0,0,0,0,5,0,0,0,2,0,0,0,0,0
5,2020-01-27,0,0,0,0,0,0,0,0,0,4,0,0,0,0,1,0,0,0,0,0,0,0,0,0,0,0,0,0,0,0,0,0,0,0,0,0,0,1,0,0,0,0,0,0,0,0,0,0,1,0,0,0,0,0,0,0,0,70,80,110,59,14,151,46,7,33,18,21,128,8,1423,100,11,47,72,6,27,6,7,6,35,75,53,13,69,23,0,5,26,128,0,0,0,0,0,0,0,0,0,0,0,0,0,0,0,0,0,0,0,0,0,0,0,0,0,0,0,0,0,0,0,0,0,0,0,0,3,0,0,0,1,0,0,0,0,0,0,0,0,0,0,0,0,0,0,0,0,0,0,0,0,4,0,0,0,4,0,0,0,0,0,0,0,0,0,0,0,0,0,0,4,0,0,0,0,0,0,0,0,0,0,0,0,0,1,0,0,0,0,0,0,0,0,0,0,0,0,0,0,0,0,0,0,0,0,0,0,0,0,0,0,0,0,0,0,0,0,0,0,5,0,0,0,0,0,0,1,0,0,0,0,0,5,0,8,0,0,0,0,0,0,0,0,0,0,0,0,0,0,0,0,0,0,0,5,0,0,0,2,0,0,0,0,0
6,2020-01-28,0,0,0,0,0,0,0,0,0,4,0,0,0,0,1,0,0,0,0,0,0,0,0,0,0,0,0,0,0,0,0,0,0,0,0,0,0,1,0,0,1,0,0,0,0,0,0,0,1,0,0,0,0,0,0,0,0,106,91,132,80,19,207,51,9,40,33,33,168,8,3554,143,15,70,109,8,34,7,11,6,46,95,66,27,90,24,0,10,44,173,0,0,0,0,0,0,0,0,0,0,0,0,0,0,0,0,0,0,0,0,0,0,0,0,0,0,0,0,0,0,0,0,0,0,0,0,4,0,0,0,4,0,0,0,0,0,0,0,0,0,0,0,0,0,0,0,0,0,0,0,0,7,0,0,0,4,0,0,0,0,0,0,0,0,0,0,0,0,0,0,4,0,0,0,0,0,0,0,0,0,0,0,0,0,1,0,0,0,0,0,0,0,0,0,0,0,0,0,0,0,0,0,0,0,0,0,0,0,0,0,0,0,0,0,0,0,0,0,0,7,0,0,0,0,0,0,1,0,0,0,0,0,8,0,14,0,0,0,0,0,0,0,0,0,0,0,0,0,0,0,0,0,0,0,5,0,0,0,2,0,0,0,0,0
7,2020-01-29,0,0,0,0,0,0,0,0,0,4,0,1,0,0,1,0,0,0,0,0,0,0,0,0,0,0,0,0,0,0,0,0,0,0,0,0,0,1,0,0,1,0,0,0,0,0,0,0,1,0,0,0,0,0,0,0,0,152,111,147,84,24,277,58,9,43,48,38,206,10,3554,221,16,99,109,9,39,7,12,6,56,130,96,27,108,27,0,13,55,296,0,0,0,0,0,0,0,0,0,0,0,0,0,0,0,0,0,0,0,0,0,0,0,0,0,1,0,0,0,0,0,0,0,0,0,0,5,0,0,0,4,0,0,0,0,0,0,0,0,0,0,0,0,0,0,0,0,0,0,0,0,7,0,0,0,4,0,0,0,0,0,0,0,0,0,0,0,0,0,0,7,0,0,0,0,0,0,0,0,0,0,0,0,0,1,0,0,0,0,0,0,0,0,0,0,0,0,0,0,0,0,0,0,0,0,0,0,0,0,0,0,0,0,0,0,0,0,0,0,7,0,0,0,0,0,0,1,0,0,0,0,0,8,0,14,0,0,0,0,0,0,0,4,0,0,0,0,0,0,0,0,0,0,0,5,0,0,0,2,0,0,0,0,0
8,2020-01-30,0,0,0,0,0,0,0,0,0,4,0,3,0,0,2,0,0,0,0,0,0,0,0,0,0,0,0,0,0,0,0,0,0,0,0,0,0,1,0,0,1,0,0,0,0,0,0,0,1,0,0,0,0,0,0,0,0,200,114,182,101,26,354,78,12,46,65,44,278,10,4903,277,19,129,162,14,41,7,17,8,63,158,112,35,142,31,1,14,70,428,0,0,0,0,0,0,0,0,0,0,0,0,0,0,0,0,0,0,0,0,0,0,0,0,0,1,0,0,0,0,0,0,0,0,0,0,5,0,0,0,4,0,0,0,0,0,0,0,0,0,0,0,0,1,0,0,0,0,0,0,0,11,0,0,0,4,0,0,0,0,0,0,0,0,0,0,0,0,0,0,8,0,0,0,0,0,0,0,0,0,0,0,0,0,1,0,0,0,0,0,0,0,0,0,0,0,0,0,0,0,0,0,1,0,0,0,0,0,0,0,0,0,0,0,0,0,0,0,0,10,0,0,0,0,0,0,1,0,0,0,0,0,9,0,14,0,0,0,0,0,0,0,4,0,0,0,0,0,0,0,0,0,0,0,5,0,0,0,2,0,0,0,0,0
9,2020-01-31,0,0,0,0,0,0,0,0,0,4,0,2,0,0,3,0,0,0,0,0,0,0,0,0,0,0,0,0,0,0,0,0,0,0,0,0,0,1,0,0,1,0,0,0,0,0,0,0,3,0,0,0,0,0,0,0,0,237,139,211,120,29,436,87,29,52,82,59,352,12,5806,332,20,168,240,14,48,7,21,8,87,184,135,39,177,32,1,17,83,538,0,0,0,0,0,0,0,0,0,0,0,0,0,0,0,0,0,0,0,0,0,0,0,0,0,1,0,0,0,0,0,0,0,0,0,0,5,0,0,0,5,0,0,0,0,0,0,0,0,0,0,0,0,1,0,0,0,0,0,2,0,15,0,0,0,11,0,0,0,0,0,0,0,0,0,0,0,0,0,0,8,0,0,0,0,0,0,0,0,0,0,0,0,0,1,0,0,0,0,0,0,0,0,0,0,0,0,0,0,0,0,0,1,0,0,0,0,2,0,0,0,0,0,0,0,0,0,0,0,13,0,0,0,0,0,0,1,0,0,1,0,0,10,0,19,0,0,0,0,0,0,0,4,0,0,0,0,0,0,0,0,0,0,2,7,0,0,0,2,0,0,0,0,0
10,2020-02-01,0,0,0,0,0,0,0,0,0,4,0,3,1,0,4,0,0,0,0,0,0,0,0,0,0,0,0,0,0,0,0,0,0,0,0,0,0,1,0,0,1,0,0,0,0,0,0,0,3,0,0,0,0,0,0,0,0,297,168,247,144,40,535,100,29,62,96,80,422,13,7153,389,23,202,286,17,64,7,26,9,101,206,169,47,207,41,1,18,93,599,0,0,0,0,0,0,0,0,0,0,0,0,0,0,0,0,0,0,0,0,0,0,0,0,0,1,0,0,0,0,0,0,0,0,0,0,6,0,0,0,8,0,0,0,0,0,0,0,0,0,0,0,0,1,0,0,0,0,0,2,0,20,0,0,0,12,0,0,0,0,0,0,0,0,0,0,0,0,0,0,8,0,0,0,0,0,0,0,0,0,0,0,0,0,1,0,0,0,0,0,0,0,0,0,0,0,0,0,0,0,0,0,1,0,0,0,0,2,0,0,0,0,0,0,0,0,0,0,0,16,0,0,0,0,0,1,1,0,0,1,0,0,10,0,19,0,0,0,0,0,0,0,4,0,0,0,0,0,0,0,0,0,0,2,8,0,0,0,6,0,0,0,0,0
11,2020-02-02,0,0,0,0,0,0,0,0,0,4,0,2,2,0,4,0,0,0,0,0,0,0,0,0,0,0,0,0,0,0,0,0,0,0,0,0,0,1,0,0,1,0,0,0,0,0,0,0,3,0,0,0,0,0,0,0,0,340,191,300,159,51,632,111,38,64,104,95,493,15,11177,463,27,236,333,23,70,8,28,11,116,230,182,66,231,48,1,21,105,661,0,0,0,0,0,0,0,0,0,0,0,0,0,0,0,0,0,0,0,0,0,0,0,0,0,1,0,0,0,0,0,0,0,0,0,0,6,0,0,0,10,0,0,0,0,0,0,0,0,0,0,0,0,2,0,0,0,0,0,2,0,20,0,0,0,15,0,0,0,0,0,0,0,0,0,0,0,0,0,0,8,0,0,0,0,0,0,0,0,0,0,0,0,0,1,0,0,0,0,0,0,0,0,0,0,0,0,0,0,0,0,0,2,0,0,0,0,2,0,0,0,0,0,0,0,0,0,0,0,18,0,0,0,0,0,1,1,0,0,1,0,0,10,0,19,0,0,0,0,0,0,0,5,0,0,0,0,0,0,0,0,0,0,2,8,0,0,0,6,0,0,0,0,0
12,2020-02-03,0,0,0,0,0,0,0,0,0,4,0,2,2,0,4,0,0,0,0,0,0,0,0,0,0,0,0,0,0,0,0,0,0,0,0,0,0,1,0,0,1,0,0,0,0,0,0,0,3,0,0,0,0,0,0,0,0,408,212,337,179,55,725,127,46,72,113,121,566,15,13522,521,34,271,391,31,74,8,31,13,128,259,203,74,254,60,1,24,117,724,0,0,0,0,0,0,0,0,0,0,0,0,0,0,0,0,0,0,0,0,0,0,0,0,0,1,0,0,0,0,0,0,0,0,0,0,6,0,0,0,12,0,0,0,0,0,0,0,0,0,0,0,0,3,0,0,0,0,0,2,0,20,0,0,0,15,0,0,0,0,0,0,0,0,0,0,0,0,0,0,8,0,0,0,0,0,0,0,0,0,0,0,0,0,1,0,0,0,0,0,0,0,0,0,0,0,0,0,0,0,0,0,2,0,0,0,0,2,0,0,0,0,0,0,0,0,0,0,0,18,0,0,0,0,0,1,1,0,0,1,0,0,10,0,19,0,0,0,0,0,0,0,5,0,0,0,0,0,0,0,0,0,0,2,11,0,0,0,8,0,0,0,0,0
13,2020-02-04,0,0,0,0,0,0,0,0,0,4,0,3,2,0,4,0,0,0,0,0,0,0,0,1,0,0,0,0,0,0,0,0,0,0,0,0,0,1,0,0,1,0,0,0,0,0,0,0,3,0,0,0,0,0,0,0,0,480,228,366,194,57,813,139,58,80,126,155,675,17,16678,593,35,308,476,42,81,10,34,15,142,275,219,81,282,67,1,29,122,829,0,0,0,0,0,0,0,0,0,0,0,0,0,0,0,0,0,0,0,0,0,0,0,0,0,1,0,0,0,0,0,0,0,0,0,0,6,0,0,0,12,0,0,0,0,0,0,0,0,0,0,0,0,3,0,0,0,0,0,2,0,22,0,0,0,16,0,0,0,0,0,0,0,0,0,0,0,0,0,0,10,0,0,0,0,0,0,0,0,0,0,0,0,0,1,0,0,0,0,0,0,0,0,0,0,0,0,0,0,0,0,0,2,0,0,0,0,2,0,0,0,0,0,0,0,0,0,0,0,24,0,0,0,0,0,1,1,0,0,1,0,0,11,0,25,0,0,0,0,0,0,0,5,0,0,0,0,0,0,0,0,0,0,2,11,0,0,0,8,0,0,0,0,0
14,2020-02-05,0,0,0,0,0,0,0,0,0,4,0,3,2,0,4,0,0,0,0,0,0,0,0,1,0,0,0,0,0,0,0,0,0,0,0,0,0,1,0,0,2,0,0,0,0,0,0,0,3,0,0,0,0,0,0,0,0,530,253,389,205,62,895,150,64,99,135,190,764,21,19665,661,42,341,548,54,89,10,34,17,165,307,243,81,301,69,1,32,128,895,0,0,0,0,0,0,0,0,0,0,0,0,0,0,0,0,0,0,0,0,0,0,0,0,0,1,0,0,0,0,0,0,0,0,0,0,6,0,0,0,12,0,0,0,0,0,0,0,0,0,0,0,0,3,0,0,0,0,0,2,0,22,0,0,0,19,0,0,0,0,0,0,0,0,0,0,0,0,0,0,12,0,0,0,0,0,0,0,0,0,0,0,0,0,1,0,0,0,0,0,0,0,0,0,0,0,0,0,0,0,0,0,2,0,0,0,0,2,0,0,0,0,0,0,0,0,0,0,0,28,0,0,0,0,0,1,1,0,0,1,0,0,11,0,25,0,0,0,0,0,0,0,5,0,0,0,0,0,0,0,0,0,0,2,11,0,0,0,8,0,0,0,0,0
15,2020-02-06,0,0,0,0,0,0,0,0,0,4,0,4,2,0,4,0,0,0,0,0,0,0,0,1,0,0,0,0,0,0,0,0,0,0,0,0,0,1,0,0,2,0,0,0,0,0,0,0,3,0,0,0,0,0,0,0,0,591,274,411,215,62,970,168,71,106,157,227,851,24,22112,711,46,373,600,59,94,10,40,18,173,347,257,96,321,79,1,36,133,954,0,0,0,0,0,0,0,0,0,0,0,0,0,0,0,0,0,0,0,0,0,0,0,0,0,1,0,0,0,0,0,0,0,0,0,0,6,0,0,0,12,0,0,0,0,0,0,0,0,0,0,0,0,3,0,0,0,0,0,2,0,22,0,0,0,23,0,0,0,0,0,0,0,0,0,0,0,0,0,0,12,0,0,0,0,0,0,0,0,0,0,0,0,0,1,0,0,0,0,0,0,0,0,0,0,0,0,0,0,0,0,0,2,0,0,0,0,2,0,0,0,0,0,0,0,0,0,0,0,28,0,0,0,0,0,1,1,0,0,1,0,0,16,0,25,0,0,0,0,0,0,0,5,0,0,0,0,0,0,0,0,0,0,2,11,0,0,0,10,0,0,0,0,0
16,2020-02-07,0,0,0,0,0,0,0,0,0,4,0,5,2,0,4,0,0,0,0,0,0,0,0,1,0,0,0,0,0,0,0,0,0,0,0,0,0,1,0,0,4,0,0,0,0,0,0,0,3,0,0,0,0,0,0,0,0,665,297,426,224,67,1034,172,81,117,172,277,914,25,24953,772,50,408,661,65,99,10,43,18,184,386,277,104,344,81,1,39,138,1006,0,0,0,0,0,0,0,0,0,0,0,0,61,0,0,0,0,0,0,0,0,0,0,0,0,1,0,0,0,0,0,0,0,0,0,0,6,0,0,0,13,0,0,0,0,0,0,0,0,0,0,0,0,3,0,0,0,0,0,3,0,25,0,0,0,24,0,0,0,0,0,0,0,0,0,0,0,0,0,0,12,0,0,0,0,0,0,0,0,0,0,0,0,0,1,0,0,0,0,0,0,0,0,0,0,0,0,0,0,0,0,0,3,0,0,0,0,2,0,0,0,0,0,0,0,0,0,0,0,30,0,0,0,0,0,1,1,0,0,1,0,0,16,0,25,0,0,0,0,0,0,0,5,0,0,0,0,0,0,0,0,0,0,3,11,0,0,0,10,0,0,0,0,0
17,2020-02-08,0,0,0,0,0,0,0,0,0,4,0,5,2,0,4,0,0,0,0,0,0,0,0,1,0,0,0,0,0,0,0,0,0,0,0,0,0,1,0,0,4,0,0,0,0,0,0,0,3,0,0,0,0,0,0,0,0,733,315,428,239,79,1095,183,89,124,195,295,981,26,27100,803,52,439,698,69,105,10,45,18,195,416,286,115,364,88,1,42,138,1048,0,0,0,0,0,0,0,0,0,0,0,0,61,0,0,0,0,0,0,0,0,0,0,0,0,1,0,0,0,0,0,0,0,0,0,0,11,0,0,0,13,0,0,0,0,0,0,0,0,0,0,0,0,3,0,0,0,0,0,3,0,25,0,0,0,24,0,0,0,0,0,0,0,0,0,0,0,0,0,0,16,0,0,0,0,0,0,0,0,0,0,0,0,0,1,0,0,0,0,0,0,0,0,0,0,0,0,0,0,0,0,0,3,0,0,0,0,2,0,0,0,0,0,0,0,0,0,0,0,33,0,0,0,0,0,1,1,0,0,1,0,0,17,0,32,0,0,0,0,0,0,0,7,0,0,0,0,0,0,0,0,0,0,3,11,0,0,0,13,0,0,0,0,0
18,2020-02-09,0,0,0,0,0,0,0,0,0,4,0,5,2,0,4,0,0,0,0,0,0,0,0,1,0,0,0,0,0,0,0,0,0,0,0,0,0,1,0,0,4,0,0,0,0,0,0,0,3,0,0,0,0,0,0,0,0,779,326,468,250,83,1131,195,99,131,206,307,1033,29,29631,838,54,468,740,78,107,10,45,18,208,444,293,119,386,91,1,45,141,1075,0,0,0,0,0,0,0,0,0,0,0,0,64,0,0,0,0,0,0,0,0,0,0,0,0,1,0,0,0,0,0,0,0,0,0,0,11,0,0,0,14,0,0,0,0,0,0,0,0,0,0,0,0,3,0,0,0,0,0,3,0,26,0,0,0,25,0,0,0,0,0,0,0,0,0,0,0,0,0,0,16,0,0,0,0,0,0,0,0,0,0,0,0,0,1,0,0,0,0,0,0,0,0,0,0,0,0,0,0,0,0,0,3,0,0,0,0,2,0,0,0,0,0,0,0,0,0,0,0,40,0,0,0,0,0,2,1,0,0,1,0,0,18,0,32,0,0,0,0,0,0,0,7,0,0,0,0,0,0,0,0,0,0,3,11,0,0,0,13,0,0,0,0,0
19,2020-02-10,0,0,0,0,0,0,0,0,0,4,0,5,2,0,4,0,0,0,0,0,0,0,0,1,0,0,0,0,0,0,0,0,0,0,0,0,0,1,0,0,4,0,0,0,0,0,0,0,3,0,0,0,0,0,0,0,0,830,337,486,261,83,1159,210,109,138,218,331,1073,38,31728,879,58,492,771,80,108,10,49,18,213,466,299,119,405,95,1,49,149,1092,0,0,0,0,0,0,0,0,0,0,0,0,135,0,0,0,0,0,0,0,0,0,0,0,0,1,0,0,0,0,0,0,0,0,0,0,11,0,0,0,14,0,0,0,0,0,0,0,0,0,0,0,0,3,0,0,0,0,0,3,0,26,0,0,0,27,0,0,0,0,0,0,0,0,0,0,0,0,0,0,18,0,0,0,0,0,0,0,0,0,0,0,0,0,1,0,0,0,0,0,0,0,0,0,0,0,0,0,0,0,0,0,3,0,0,0,0,2,0,0,0,0,0,0,0,0,0,0,0,45,0,0,0,0,0,2,1,0,0,1,0,0,18,0,32,0,0,0,0,0,0,0,8,0,0,0,0,0,0,0,0,0,0,8,11,0,0,0,14,0,0,0,0,0
20,2020-02-11,0,0,0,0,0,0,0,0,0,4,0,5,2,0,4,0,0,0,0,0,0,0,0,1,0,0,0,0,0,0,0,0,0,0,0,0,0,1,0,0,4,0,0,0,0,0,0,0,3,0,0,0,0,0,0,0,0,860,342,505,267,86,1177,215,127,144,239,360,1105,49,33366,912,58,515,804,81,111,10,53,18,219,487,303,124,417,106,1,55,153,1117,0,0,0,0,0,0,0,0,0,0,0,0,135,0,0,0,0,0,0,0,0,0,0,0,0,1,0,0,0,0,0,0,0,0,0,0,11,0,0,0,16,0,0,0,0,0,0,0,0,0,0,0,0,3,0,0,0,0,0,3,0,26,0,0,0,28,0,0,0,0,0,0,0,0,0,0,0,0,0,0,18,0,0,0,0,0,0,0,0,0,0,0,0,0,1,0,0,0,0,0,0,0,0,0,0,0,0,0,0,0,0,0,3,0,0,0,0,2,0,0,0,0,0,0,0,0,0,0,0,47,0,0,0,0,0,2,1,0,0,1,0,0,18,0,33,0,0,0,0,0,0,0,8,0,0,0,0,0,0,0,0,0,0,8,12,0,0,0,15,0,0,0,0,0
21,2020-02-12,0,0,0,0,0,0,0,0,0,4,0,5,2,0,4,0,0,0,0,0,0,0,0,1,0,0,0,0,0,0,0,0,0,0,0,0,0,1,0,0,4,0,0,0,0,0,0,0,3,0,0,0,0,0,0,0,0,889,352,518,272,87,1219,222,133,157,251,378,1135,50,33366,946,60,543,844,83,116,10,58,18,225,497,311,126,436,112,1,59,154,1131,0,0,0,0,0,0,0,0,0,0,0,0,175,0,0,0,0,0,0,0,0,0,0,0,0,1,0,0,0,0,0,0,0,0,0,0,11,0,0,0,16,0,0,0,0,0,0,0,0,0,0,0,0,3,0,0,0,0,0,3,0,28,0,0,0,28,0,0,0,0,0,0,0,0,0,0,0,0,0,0,18,0,0,0,0,0,0,0,0,0,0,0,0,0,1,0,0,0,0,0,0,0,0,0,0,0,0,0,0,0,0,0,3,0,0,0,0,2,0,0,0,0,0,0,0,0,0,0,0,50,0,0,0,0,0,2,1,0,0,1,0,0,18,0,33,0,0,0,0,0,0,0,8,0,0,0,0,0,0,0,0,0,0,9,12,0,0,0,15,0,0,0,0,0
22,2020-02-13,0,0,0,0,0,0,0,0,0,4,0,5,2,0,4,0,0,0,0,0,0,0,0,1,0,0,0,0,0,0,0,0,0,0,0,0,0,1,0,0,4,0,0,0,0,0,0,0,3,0,0,0,0,0,0,0,0,910,366,529,279,90,1241,222,135,157,265,395,1169,53,48206,968,61,570,872,84,117,10,64,18,229,509,315,126,451,119,1,63,156,1145,0,0,0,0,0,0,0,0,0,0,0,0,175,0,0,0,0,0,0,0,0,0,0,0,0,1,0,0,0,0,0,0,0,0,0,0,11,0,0,0,16,0,0,0,0,0,0,0,0,0,0,0,0,3,0,0,0,0,0,3,0,28,0,0,0,28,0,0,0,0,0,0,0,0,0,0,0,0,0,0,19,0,0,0,0,0,0,0,0,0,0,0,0,0,1,0,0,0,0,0,0,0,0,0,0,0,0,0,0,0,0,0,3,0,0,0,0,2,0,0,0,0,0,0,0,0,0,0,0,58,0,0,0,0,0,2,1,0,0,1,0,0,18,0,33,0,0,0,0,0,0,0,8,0,0,0,0,0,0,0,0,0,0,9,13,0,0,0,16,0,0,0,0,0
23,2020-02-14,0,0,0,0,0,0,0,0,0,4,0,5,2,0,4,0,0,0,0,0,0,0,0,1,0,0,0,0,0,0,0,0,0,0,0,0,0,1,0,0,4,0,0,0,0,0,0,0,3,0,0,0,0,0,0,0,0,934,372,537,281,90,1261,226,140,159,283,419,1184,56,54406,988,65,593,900,86,119,10,67,18,230,523,318,127,463,120,1,65,162,1155,0,0,0,0,0,0,0,0,0,0,0,0,218,0,0,0,0,1,0,0,0,0,0,0,0,1,0,0,0,0,0,0,0,0,0,0,11,0,0,0,16,0,0,0,0,0,0,0,0,0,0,0,0,3,0,0,0,0,0,3,0,29,0,0,0,28,0,0,0,0,0,0,0,0,0,0,0,0,0,0,19,0,0,0,0,0,0,0,0,0,0,0,0,0,1,0,0,0,0,0,0,0,0,0,0,0,0,0,0,0,0,0,3,0,0,0,0,2,0,0,0,0,0,0,0,0,0,0,0,67,0,0,0,0,0,2,1,0,0,1,0,0,18,0,33,0,0,0,0,0,0,0,8,0,0,0,0,0,0,0,0,0,0,9,13,0,0,0,16,0,0,0,0,0
24,2020-02-15,0,0,0,0,0,0,0,0,0,4,0,5,2,0,4,0,0,0,0,0,0,0,0,1,0,0,0,0,0,0,0,0,0,0,0,0,0,1,0,0,4,0,0,0,0,0,0,0,3,0,0,0,0,0,0,0,0,950,375,544,285,90,1294,235,143,162,291,425,1212,56,56249,1001,68,604,913,88,119,10,70,18,232,532,326,128,470,122,1,70,168,1162,0,0,0,0,0,0,0,0,0,0,0,0,285,0,0,0,0,1,0,0,0,0,0,0,0,1,0,0,0,0,0,0,0,0,0,0,12,0,0,0,16,0,0,0,0,0,0,0,0,0,0,0,0,3,0,0,0,0,0,3,0,43,0,0,0,28,0,0,0,0,0,0,0,0,0,0,0,0,0,0,22,0,0,0,0,0,0,0,0,0,0,0,0,0,1,0,0,0,0,0,0,0,0,0,0,0,0,0,0,0,0,0,3,0,0,0,0,2,0,0,0,0,0,0,0,0,0,0,0,72,0,0,0,0,0,2,1,0,0,1,0,0,18,0,33,0,0,0,0,0,0,0,8,0,0,0,0,0,0,0,0,0,0,9,13,0,0,0,16,0,0,0,0,0
25,2020-02-16,0,0,0,0,0,0,0,0,0,4,0,5,2,0,4,0,0,0,0,0,0,0,0,1,0,0,0,0,0,0,0,0,0,0,0,0,0,1,0,0,4,0,0,0,0,0,0,0,3,0,0,0,0,0,0,0,0,962,380,551,287,90,1316,237,144,162,300,445,1231,57,58182,1004,70,617,925,89,121,10,70,18,236,537,328,129,481,124,1,71,171,1167,0,0,0,0,0,0,0,0,0,0,0,0,355,0,0,0,0,1,0,0,0,0,0,0,0,1,0,0,0,0,0,0,0,0,0,0,12,0,0,0,16,0,0,0,0,0,0,0,0,0,0,0,0,3,0,0,0,0,0,3,0,59,0,0,0,29,0,0,0,0,0,0,0,0,0,0,0,0,0,0,22,0,0,0,0,0,0,0,0,0,0,0,0,0,1,0,0,0,0,0,0,0,0,0,0,0,0,0,0,0,0,0,3,0,0,0,0,2,0,0,0,0,0,0,0,0,0,0,0,75,0,0,0,0,0,2,1,0,0,1,0,0,20,0,34,0,0,0,0,0,0,0,9,0,0,0,0,0,0,0,0,0,0,9,13,0,0,0,16,0,0,0,0,0
26,2020-02-17,0,0,0,0,0,0,0,0,0,4,0,5,2,0,4,0,0,0,0,0,0,0,0,1,0,0,0,0,0,0,0,0,0,0,0,0,0,1,0,0,5,0,0,0,0,0,0,0,3,0,0,0,0,0,0,0,0,973,381,553,290,91,1322,238,146,163,301,457,1246,60,59989,1006,72,626,930,89,121,10,70,18,240,541,333,130,495,125,1,75,171,1171,0,0,0,0,0,0,0,0,0,0,0,0,454,0,0,0,0,1,0,0,0,0,0,0,0,1,0,0,0,0,0,0,0,0,0,0,12,0,0,0,16,0,0,0,0,0,0,0,0,0,0,0,0,3,0,0,0,0,0,3,0,66,0,0,0,30,0,0,0,0,0,0,0,0,0,0,0,0,0,0,22,0,0,0,0,0,0,0,0,0,0,0,0,0,1,0,0,0,0,0,0,0,0,0,0,0,0,0,0,0,0,0,3,0,0,0,0,2,0,0,0,0,0,0,0,0,0,0,0,77,0,0,0,0,0,2,1,0,0,1,0,0,22,0,35,0,0,0,0,0,0,0,9,0,0,0,0,0,0,0,0,0,0,9,13,0,0,0,16,0,0,0,0,0
27,2020-02-18,0,0,0,0,0,0,0,0,0,4,0,5,2,0,4,0,0,0,0,0,0,0,0,1,0,0,0,0,0,0,0,0,0,0,0,0,0,1,0,0,5,0,0,0,0,0,0,0,3,0,0,0,0,0,0,0,0,982,387,555,292,91,1328,242,146,163,306,464,1257,62,61682,1007,73,629,933,89,121,10,70,18,240,543,333,131,508,128,1,76,172,1172,0,0,0,0,0,0,0,0,0,0,0,0,542,0,0,0,0,1,0,0,0,0,0,0,0,1,0,0,0,0,0,0,0,0,0,0,12,0,0,0,16,0,0,0,0,0,0,0,0,0,0,0,0,3,0,0,0,0,0,3,0,74,0,0,0,31,0,0,0,0,0,0,0,0,0,0,0,0,0,0,22,0,0,0,0,0,0,0,0,0,0,0,0,0,1,0,0,0,0,0,0,0,0,0,0,0,0,0,0,0,0,0,3,0,0,0,0,2,0,0,0,0,0,0,0,0,0,0,0,81,0,0,0,0,0,2,1,0,0,1,0,0,22,0,35,0,0,0,0,0,0,0,9,0,0,0,0,0,0,0,0,0,0,9,13,0,0,0,16,0,0,0,0,0
28,2020-02-19,0,0,0,0,0,0,0,0,0,4,0,5,2,0,4,0,0,0,0,0,0,0,0,1,0,0,0,0,0,0,0,0,0,0,0,0,0,1,0,0,5,0,0,0,0,0,0,0,3,0,0,0,0,0,0,0,0,986,393,560,293,91,1331,244,146,168,306,470,1262,63,62031,1008,75,631,934,90,121,10,71,18,242,544,333,131,514,130,1,76,172,1174,0,0,0,0,0,0,0,0,0,0,0,0,621,0,0,0,0,1,0,0,0,0,0,0,0,1,0,0,0,0,0,0,0,0,0,0,12,0,0,0,16,0,0,0,0,0,0,0,0,0,0,0,0,3,0,2,0,0,0,3,0,84,0,0,0,31,0,0,0,0,0,0,0,0,0,0,0,0,0,0,22,0,0,0,0,0,0,0,0,0,0,0,0,0,1,0,0,0,0,0,0,0,0,0,0,0,0,0,0,0,0,0,3,0,0,0,0,2,0,0,0,0,0,0,0,0,0,0,0,84,0,0,0,0,0,2,1,0,0,1,0,0,23,0,35,0,0,0,0,0,0,0,9,0,0,0,0,0,0,0,0,0,0,9,13,0,0,0,16,0,0,0,0,0
29,2020-02-20,0,0,0,0,0,0,0,0,0,4,0,5,2,0,4,0,0,0,0,0,0,0,0,1,0,0,0,0,0,0,0,0,0,0,0,0,0,1,0,0,5,0,0,0,0,0,0,0,3,0,0,0,0,0,0,0,0,987,395,567,293,91,1332,245,146,168,307,476,1265,68,62442,1010,75,631,934,91,121,10,71,18,245,546,334,132,520,131,1,76,174,1175,0,0,0,0,0,0,0,0,0,0,0,0,634,0,0,0,0,1,0,0,0,0,0,0,0,1,0,0,0,0,0,0,0,0,0,0,12,0,0,0,16,0,0,0,0,0,0,0,0,0,0,0,0,3,0,5,0,0,0,3,0,94,0,0,0,104,0,0,0,0,0,0,0,0,0,0,0,0,0,0,22,0,0,0,0,0,0,0,0,0,0,0,0,0,1,0,0,0,0,0,0,0,0,0,0,0,0,0,0,0,0,0,3,0,0,0,0,2,0,0,0,0,0,0,0,0,0,0,0,84,0,0,0,0,0,2,1,0,0,1,0,0,24,0,35,0,0,0,0,0,0,0,9,0,0,0,0,0,0,0,0,0,0,9,13,0,0,0,16,0,0,0,0,0
30,2020-02-21,0,0,0,0,0,0,0,0,0,4,0,5,2,0,4,0,0,0,0,0,0,0,0,1,0,0,0,0,0,0,0,0,0,0,0,0,0,1,0,0,6,0,0,0,0,0,0,0,3,0,0,0,0,0,0,0,0,988,396,572,293,91,1333,246,146,168,308,479,1267,68,62662,1011,75,631,934,91,121,10,71,18,245,749,334,132,525,132,1,76,174,1203,0,0,0,0,0,0,0,0,0,0,0,0,634,0,0,0,0,1,0,0,0,0,0,0,0,1,0,0,0,0,0,0,0,0,0,0,12,0,0,0,16,0,0,0,0,0,0,0,0,0,0,0,0,3,0,18,0,0,1,20,0,105,0,0,0,204,0,0,0,0,0,1,0,0,0,0,0,0,0,0,22,0,0,0,0,0,0,0,0,0,0,0,0,0,1,0,0,0,0,0,0,0,0,0,0,0,0,0,0,0,0,0,3,0,0,0,0,2,0,0,0,0,0,0,0,0,0,0,0,85,0,0,0,0,0,2,1,0,0,1,0,0,26,0,35,0,0,0,0,0,0,0,9,0,0,0,0,0,0,0,0,0,0,9,15,0,0,0,16,0,0,0,0,0
31,2020-02-22,0,0,0,0,0,0,0,0,0,4,0,5,2,0,4,0,0,0,0,0,0,0,0,1,0,0,0,0,0,0,0,0,0,0,0,0,0,1,0,0,6,0,0,0,0,0,0,0,3,0,0,0,0,0,0,0,0,989,399,573,293,91,1339,249,146,168,309,479,1270,69,64084,1013,75,631,934,91,121,10,71,18,245,750,335,132,526,135,1,76,174,1205,0,0,0,0,0,0,0,0,0,0,0,0,634,0,0,0,0,1,0,0,0,0,0,0,0,1,0,0,0,0,0,0,0,0,0,0,12,0,0,0,16,0,0,0,0,0,0,0,0,0,0,0,0,3,0,28,0,0,1,62,0,122,0,0,0,433,0,0,0,0,0,1,0,0,0,0,0,0,0,0,22,0,0,0,0,0,0,0,0,0,0,0,0,0,1,0,0,0,0,0,0,0,0,0,0,0,0,0,0,0,0,0,3,0,0,0,0,2,0,0,0,0,0,0,0,0,0,0,0,85,0,0,0,0,0,2,1,0,0,1,0,0,26,0,35,0,0,0,0,0,0,0,13,0,0,0,0,0,0,0,0,0,0,9,15,0,0,0,16,0,0,0,0,0
32,2020-02-23,0,0,0,0,0,0,0,0,0,4,0,5,2,0,4,0,0,0,0,0,0,0,0,1,0,0,0,0,0,0,0,0,0,0,0,0,0,1,0,0,6,0,0,0,0,0,0,0,3,0,0,0,0,0,0,0,0,989,399,575,293,91,1342,249,146,168,311,480,1271,74,64084,1016,75,631,934,91,121,10,71,18,245,754,335,132,526,135,1,76,174,1205,0,0,0,0,0,0,0,0,0,0,0,0,691,0,0,0,0,1,0,0,0,0,0,0,0,1,0,0,0,0,0,0,0,0,0,0,12,0,0,0,16,0,0,0,0,0,0,0,0,0,0,0,0,3,0,43,0,0,1,155,0,147,0,0,0,602,0,0,0,0,0,1,0,0,0,0,0,0,0,0,22,0,0,0,0,0,0,0,0,0,0,0,0,0,1,0,0,0,0,0,0,0,0,0,0,0,0,0,0,0,0,0,3,0,0,0,0,2,0,0,0,0,0,0,0,0,0,0,0,89,0,0,0,0,0,2,1,0,0,1,0,0,28,0,35,0,0,0,0,0,0,0,13,0,0,0,0,0,0,0,0,0,0,9,15,0,0,0,16,0,0,0,0,0
33,2020-02-24,1,0,0,0,0,0,0,0,0,4,0,5,2,0,4,0,0,0,0,1,0,0,0,1,0,0,0,0,0,0,0,0,0,0,0,0,0,1,0,0,6,0,0,0,0,0,0,0,4,0,0,0,0,0,0,0,0,989,399,576,293,91,1345,251,146,168,311,480,1271,79,64287,1016,75,631,934,93,121,10,71,18,245,755,335,133,527,135,1,76,174,1205,0,0,0,0,0,0,0,0,0,0,0,0,691,0,0,0,0,1,0,0,0,0,0,0,0,1,0,0,0,0,0,0,0,0,0,0,12,0,0,0,16,0,0,0,0,0,0,0,0,0,0,0,0,3,0,61,1,0,1,229,0,159,0,0,0,833,0,1,0,0,0,1,0,0,0,0,0,0,0,0,22,0,0,0,0,0,0,0,0,0,0,0,0,0,1,0,0,0,0,0,0,0,0,0,0,0,2,0,0,0,0,0,3,0,0,0,0,2,0,0,0,0,0,0,0,0,0,0,0,89,0,0,0,0,0,2,1,0,0,1,0,0,30,0,35,0,0,0,0,0,0,0,13,0,0,0,0,0,0,0,0,0,0,13,51,0,0,0,16,0,0,0,0,0
34,2020-02-25,1,0,1,0,0,0,0,0,0,4,0,5,2,0,4,0,2,0,0,23,0,0,0,1,0,0,0,0,0,0,0,0,0,0,0,0,0,1,0,0,7,0,0,0,0,0,0,0,4,0,0,0,0,0,0,0,0,989,400,576,294,91,1347,252,146,168,311,480,1271,84,64786,1016,75,631,934,93,121,10,71,18,245,756,336,133,529,135,1,76,174,1205,0,0,0,0,0,1,0,0,0,0,0,0,691,0,0,0,0,1,0,0,0,0,0,0,0,1,0,0,0,0,0,0,0,0,0,0,14,0,0,0,17,0,0,0,0,0,0,0,0,0,0,0,0,3,0,95,1,0,1,322,0,170,0,0,0,977,0,11,0,0,0,1,0,0,0,0,0,0,0,0,22,0,0,0,0,0,0,0,0,0,0,0,0,0,1,0,0,0,0,0,0,0,0,0,0,0,2,0,0,0,0,0,3,0,0,0,0,2,0,0,0,0,0,0,0,0,0,0,0,91,0,0,0,0,0,6,1,0,0,1,1,0,31,0,37,0,0,0,0,0,0,0,13,0,0,0,0,0,0,0,0,0,0,13,51,0,0,0,16,0,0,0,0,0
35,2020-02-26,1,0,1,0,0,0,0,0,0,4,0,5,2,0,4,0,2,0,0,33,0,0,0,1,0,0,0,0,0,0,1,0,0,0,0,0,0,1,0,0,7,0,0,0,0,0,0,0,4,0,0,0,0,0,0,0,0,989,400,576,294,91,1347,252,146,168,312,480,1271,91,65187,1016,75,631,934,93,121,10,71,18,245,756,337,133,531,135,1,76,174,1205,0,0,0,0,0,3,0,0,0,0,0,0,705,0,0,0,0,1,0,0,0,0,0,0,0,2,0,0,0,0,0,0,0,0,0,0,18,0,0,1,27,0,1,0,0,0,0,0,0,0,0,0,0,3,0,139,5,0,2,453,0,189,0,0,0,1261,0,26,0,0,0,2,0,0,0,0,0,0,0,0,22,0,0,0,0,0,0,0,0,0,0,0,0,0,1,0,0,0,0,0,0,0,0,0,1,1,4,2,0,0,0,0,3,0,0,0,1,2,0,0,0,0,0,0,0,0,0,0,0,93,0,0,0,0,0,13,1,0,0,2,1,0,32,0,40,0,0,0,0,0,0,0,13,0,0,0,0,0,0,0,0,0,0,13,57,0,0,0,16,0,0,0,0,0
36,2020-02-27,1,0,1,0,0,0,0,0,0,4,0,5,2,0,4,0,3,0,0,33,0,0,0,1,0,0,0,0,0,0,1,0,0,0,0,0,0,1,0,0,7,0,0,0,0,0,0,0,6,0,0,0,0,0,0,0,0,989,410,576,296,91,1347,252,146,168,317,480,1272,92,65596,1017,75,631,934,93,121,10,72,18,245,756,337,133,534,136,1,76,174,1205,0,0,0,0,0,3,0,0,0,0,0,1,705,0,0,0,0,1,0,0,0,1,0,0,0,2,0,0,0,0,0,0,0,0,0,0,38,0,0,1,46,0,3,0,0,0,0,0,0,0,0,0,0,3,0,245,7,0,3,655,0,214,0,0,0,1766,0,43,0,0,0,2,0,0,0,0,0,0,0,0,23,0,0,0,0,0,0,0,0,0,0,0,0,0,1,0,0,0,0,1,0,0,0,0,1,1,4,2,0,0,0,0,3,0,0,0,1,2,0,0,0,0,1,0,0,0,0,0,0,93,0,0,0,0,0,15,1,0,0,7,8,0,32,0,40,0,0,0,0,0,0,0,13,0,0,0,0,0,0,0,0,0,0,15,58,0,0,0,16,0,0,0,0,0
37,2020-02-28,1,0,1,0,0,0,0,0,0,4,0,5,2,0,4,0,3,0,0,36,0,0,1,1,0,0,0,0,0,0,1,0,0,0,0,0,0,1,0,0,7,0,0,0,0,0,0,0,6,0,1,0,0,0,0,0,0,990,410,576,296,91,1348,252,146,168,318,480,1272,94,65914,1017,75,631,935,93,121,10,72,18,245,756,337,133,538,136,1,76,174,1205,0,0,0,0,0,5,0,0,0,0,0,1,705,0,0,0,0,1,0,0,0,1,0,0,0,2,0,0,0,0,0,0,0,0,0,0,57,0,0,1,48,0,4,0,0,0,0,0,0,0,0,0,1,3,0,388,7,0,4,888,0,228,0,0,0,2337,0,45,0,0,0,2,0,0,0,1,0,0,0,0,23,0,0,0,0,0,1,0,0,0,0,0,0,0,1,0,0,0,0,1,1,0,0,1,1,6,4,2,0,0,0,0,3,0,0,0,3,2,0,0,0,0,1,0,0,0,0,0,0,93,0,0,0,0,0,32,1,0,0,7,8,0,34,0,41,0,0,0,0,0,0,0,19,0,0,0,0,0,0,0,0,0,0,20,60,0,0,0,16,0,0,0,0,0
38,2020-02-29,1,0,1,0,0,0,0,0,0,4,0,9,3,0,7,2,9,0,0,41,0,0,1,1,0,0,0,0,0,0,2,0,0,0,0,0,0,1,0,0,8,0,0,0,0,0,0,0,11,0,1,0,0,0,0,0,0,990,411,576,296,91,1349,252,146,168,318,480,1272,95,66337,1018,75,631,935,93,121,10,73,18,245,756,337,133,538,136,1,76,174,1205,0,0,0,0,0,6,0,0,0,0,0,3,705,0,0,0,0,1,0,0,0,1,0,0,0,3,0,0,0,0,0,0,0,0,0,0,100,0,0,1,79,0,4,0,0,0,0,0,0,0,0,0,1,3,0,593,13,1,7,1128,0,241,0,0,0,3150,0,45,0,0,0,4,0,0,0,1,1,0,0,0,25,0,0,0,0,0,4,0,1,0,0,0,0,0,1,0,0,0,0,6,1,0,0,1,1,15,6,4,0,0,0,0,3,0,0,1,3,2,0,0,0,0,1,0,0,0,0,0,0,102,0,0,0,0,0,45,1,0,0,12,18,0,39,0,42,0,0,0,0,0,0,0,21,0,0,0,0,0,0,0,0,0,0,23,68,0,0,0,16,0,0,0,0,0
39,2020-03-01,1,0,1,0,0,0,0,1,0,6,0,9,3,0,7,2,14,3,0,47,0,0,1,2,0,0,0,0,0,0,2,0,0,0,0,0,0,1,0,0,8,0,0,0,0,0,0,0,15,0,1,0,0,0,0,0,0,990,413,576,296,91,1349,252,146,168,318,480,1272,96,66907,1018,75,631,935,93,122,10,73,18,245,758,337,133,538,136,1,76,174,1205,0,0,0,0,0,7,0,0,3,0,0,4,705,0,0,1,6,2,0,0,0,1,0,0,0,6,0,0,0,0,0,0,0,0,0,0,130,0,0,3,130,0,7,0,0,0,0,0,0,0,0,0,3,3,0,978,19,1,10,1694,0,256,0,0,0,3736,0,45,0,0,0,10,0,0,0,1,1,0,0,0,29,0,0,0,0,0,5,0,1,0,0,0,0,0,1,0,0,0,0,10,1,0,0,1,1,19,6,4,0,0,0,0,3,0,0,3,3,2,0,0,0,0,1,0,0,0,0,0,0,106,0,0,0,0,0,84,1,0,0,14,27,0,40,0,42,0,0,0,0,0,0,0,21,0,0,0,0,0,0,0,0,0,0,36,74,0,0,0,16,0,0,0,0,0
40,2020-03-02,1,0,3,1,0,0,0,1,0,6,0,9,3,1,9,2,18,3,0,49,0,0,1,8,0,0,0,0,0,0,2,0,0,0,0,0,0,1,0,0,8,0,0,0,0,0,0,0,18,0,1,0,0,0,0,0,0,990,414,576,296,91,1350,252,146,168,318,480,1272,100,67103,1018,75,631,935,93,122,10,74,18,245,758,337,133,538,136,1,76,174,1206,0,0,0,0,0,7,0,0,3,0,0,4,705,0,0,1,6,2,0,0,0,1,0,0,0,6,0,0,0,0,0,0,0,0,0,0,191,0,0,3,159,0,7,0,0,0,0,0,0,0,0,0,6,5,2,1501,26,1,10,2036,0,274,0,0,0,4335,0,56,0,0,1,13,0,0,0,1,1,0,0,0,29,0,0,0,0,0,5,0,1,0,0,1,0,0,1,0,0,0,0,18,1,0,0,1,1,25,6,4,0,0,0,0,3,0,2,3,3,3,0,0,0,0,8,0,1,1,0,0,0,108,0,0,0,0,0,120,1,0,0,15,42,0,41,0,43,0,0,0,0,0,0,0,21,0,0,0,0,0,0,0,0,0,0,40,98,0,0,0,16,0,0,0,0,0
41,2020-03-03,1,0,5,1,0,0,1,1,0,13,0,11,3,1,9,2,21,3,0,49,0,0,1,13,0,0,0,0,0,0,2,0,0,0,0,0,0,1,0,0,9,0,0,0,0,0,0,0,20,0,1,0,0,0,0,0,1,990,414,576,296,91,1350,252,146,168,318,480,1272,100,67217,1018,75,631,935,93,125,10,74,18,245,758,338,133,538,136,1,76,174,1213,0,0,0,0,0,9,0,0,5,0,0,6,706,0,0,1,7,2,0,0,0,2,0,0,0,6,0,0,0,0,0,0,0,0,0,0,204,0,0,3,196,0,7,0,0,0,0,0,0,0,0,0,11,5,2,2336,32,2,12,2502,0,293,1,0,0,5186,0,56,0,0,1,13,0,0,0,1,1,0,0,0,36,0,0,0,0,0,5,0,1,0,0,1,0,0,1,0,0,0,0,24,1,0,0,1,1,32,12,5,0,0,0,0,3,0,2,7,3,3,0,0,0,0,10,0,1,2,0,0,0,110,0,0,0,0,0,165,1,0,0,21,56,0,42,0,43,0,0,0,0,0,0,1,27,0,0,0,0,0,0,0,0,0,0,51,118,0,0,0,16,0,0,0,0,0
42,2020-03-04,1,0,12,1,0,0,1,1,0,22,1,11,5,1,10,2,29,3,0,52,0,0,6,23,0,0,0,0,0,0,4,0,0,0,0,0,0,1,0,0,12,0,0,0,0,0,0,0,20,0,1,0,0,0,0,0,1,990,418,576,296,91,1350,252,146,168,318,480,1272,105,67332,1018,75,631,935,93,125,10,75,18,245,758,338,133,538,136,1,76,174,1213,0,0,0,0,0,10,0,0,8,1,0,10,706,0,0,1,10,2,0,0,0,2,0,0,0,6,0,0,0,0,0,0,0,3,0,0,285,0,0,3,262,0,9,0,0,0,0,0,0,0,0,2,26,28,2,2922,35,6,15,3089,0,331,1,0,0,5621,0,56,0,0,1,13,0,0,1,1,1,0,0,0,50,0,0,0,0,0,5,0,1,0,0,1,0,0,1,0,0,0,0,38,3,0,0,1,1,56,15,5,0,0,0,0,3,1,5,8,4,3,0,0,0,0,16,0,1,4,0,0,0,110,0,0,0,0,0,222,1,0,0,35,90,0,42,0,43,0,0,0,1,0,0,1,27,0,0,0,0,0,0,1,0,0,0,85,149,0,0,0,16,0,0,0,0,0
43,2020-03-05,1,0,12,1,0,0,1,1,0,22,1,13,5,1,10,3,41,6,0,55,0,0,6,50,0,0,0,0,2,0,4,0,0,0,0,0,0,1,0,0,13,0,0,0,0,0,0,0,22,0,2,0,0,0,0,0,4,990,418,576,296,102,1351,252,146,168,318,481,1272,105,67466,1018,75,631,935,93,125,10,75,18,245,758,339,133,539,136,1,76,174,1215,0,0,0,0,0,10,0,0,12,1,0,10,706,0,0,1,13,3,0,0,0,3,0,0,0,12,0,0,0,0,0,0,0,3,0,0,377,0,0,4,482,0,31,0,0,0,0,0,0,0,0,2,34,30,2,3513,35,6,20,3858,0,360,1,0,0,6088,0,58,0,0,1,16,0,0,1,1,1,0,0,0,50,0,0,0,0,0,5,0,1,0,0,2,0,0,1,0,0,0,0,82,3,0,0,1,1,87,16,5,0,0,0,0,3,1,8,8,6,4,0,0,0,0,21,0,5,4,0,0,0,117,0,2,0,1,0,259,1,0,0,94,114,0,44,0,47,0,0,0,1,0,0,1,29,0,0,0,0,0,0,1,0,0,0,115,217,0,0,0,16,4,0,0,0,0
44,2020-03-06,1,0,17,1,0,0,2,1,0,26,0,13,7,1,10,3,55,6,0,60,0,0,6,109,0,0,1,0,2,0,13,0,0,0,0,0,0,1,1,1,21,0,0,0,0,0,0,0,25,0,2,0,0,0,0,0,4,990,422,576,296,119,1352,252,146,168,318,481,1272,107,67592,1018,75,631,935,93,125,10,75,18,245,758,342,133,539,136,1,76,174,1215,1,0,0,1,0,11,0,0,18,1,0,23,706,0,0,2,13,15,0,0,0,10,0,0,0,15,0,0,0,0,0,0,0,3,0,0,653,0,0,4,670,0,45,0,0,0,0,0,0,1,0,2,43,31,4,4747,40,18,37,4636,0,420,1,0,0,6593,0,58,0,0,1,22,0,0,1,1,2,0,0,0,83,0,0,0,0,0,6,0,1,0,0,2,0,0,1,0,0,0,0,128,4,0,0,1,3,108,16,6,0,0,0,1,5,5,13,8,9,13,0,0,0,0,21,0,5,4,1,0,0,130,1,7,0,1,0,400,1,0,0,101,214,0,45,0,48,0,1,0,1,0,0,1,29,0,0,0,0,0,0,1,0,0,0,163,262,0,0,0,16,7,0,0,0,0
45,2020-03-07,1,0,17,1,0,0,8,1,0,28,0,13,7,1,11,3,79,9,0,85,0,0,6,169,0,0,1,0,3,0,13,0,0,0,0,0,0,1,1,2,21,0,0,0,0,0,0,0,28,0,3,0,0,0,0,0,4,990,426,576,296,120,1352,252,146,168,318,481,1272,108,67666,1018,75,631,935,93,125,10,75,18,245,758,342,133,539,136,1,76,174,1215,1,0,0,1,0,12,0,0,19,1,0,23,706,0,0,2,13,15,0,0,0,10,0,0,0,15,5,0,0,2,0,0,0,3,0,0,949,0,0,4,799,0,46,0,0,0,0,0,0,1,0,4,50,34,4,5823,54,18,43,5883,0,461,1,0,0,7041,0,61,0,0,1,22,0,0,1,1,2,0,0,0,93,0,0,3,0,0,6,0,1,0,0,2,0,0,1,0,0,0,0,188,5,0,0,1,3,147,16,6,0,0,0,1,6,5,20,8,9,13,0,0,0,0,23,0,5,4,1,0,0,138,1,7,0,1,0,500,1,0,0,161,268,0,45,0,50,0,1,0,1,0,0,1,45,0,0,0,0,0,0,1,0,0,0,206,402,0,0,0,18,16,0,0,0,0
46,2020-03-08,4,0,19,1,0,0,12,1,0,38,0,15,7,2,11,3,104,9,0,85,3,0,6,200,0,0,1,0,3,0,20,0,4,0,0,0,0,2,2,4,27,0,0,0,0,0,0,0,29,0,4,0,0,0,0,0,8,990,428,576,296,124,1352,252,146,168,318,481,1272,114,67707,1018,75,631,935,93,125,10,75,18,245,758,342,133,539,136,1,76,174,1215,1,0,0,5,0,12,0,0,31,2,0,35,706,0,0,5,14,49,0,0,0,10,0,0,0,23,5,0,0,2,0,0,0,3,0,0,1126,0,0,13,1040,0,73,0,0,0,0,0,0,1,0,7,50,39,6,6566,60,19,61,7375,0,502,1,0,0,7314,0,64,0,0,2,32,0,0,1,1,3,0,0,0,99,4,0,3,0,0,7,1,1,0,0,2,0,0,1,0,0,0,0,265,5,0,0,1,3,176,16,6,0,0,1,6,10,11,30,15,15,17,0,0,0,0,36,0,11,4,1,0,0,150,3,16,0,3,0,673,1,0,0,203,337,0,45,0,50,0,1,0,2,0,0,1,45,0,0,0,0,0,0,1,0,0,0,273,518,0,0,0,30,16,0,0,0,0
47,2020-03-09,4,2,20,1,0,0,12,1,0,48,0,15,7,2,15,4,131,9,0,95,3,0,6,239,0,0,1,0,3,0,25,1,4,0,0,0,0,2,2,7,32,0,0,0,0,0,0,0,34,0,4,0,0,0,0,0,8,990,428,576,296,124,1352,252,146,168,318,481,1272,115,67743,1018,75,631,935,93,125,10,75,18,245,758,342,133,539,136,1,76,174,1215,1,0,0,9,0,12,0,2,31,2,0,90,706,0,0,5,15,55,0,0,0,10,0,0,0,30,5,0,0,2,0,0,0,1,0,2,1209,0,0,15,1176,0,73,0,0,0,0,0,0,1,0,9,58,43,19,7161,60,21,61,9172,0,511,1,0,0,7478,0,64,0,0,6,32,0,0,1,1,3,0,0,0,117,4,0,3,0,0,7,1,1,0,0,2,0,0,1,0,0,0,0,321,5,0,0,2,3,205,16,6,0,0,1,7,20,16,30,18,15,17,0,0,0,0,36,0,15,4,1,0,0,150,3,16,0,3,0,1073,1,0,0,248,374,0,45,0,50,0,1,0,2,0,0,1,45,0,0,0,0,0,0,1,0,0,0,321,583,0,0,0,30,19,0,0,0,0
48,2020-03-10,5,10,20,1,0,0,17,1,0,55,1,18,7,2,18,6,182,11,0,110,3,0,9,267,0,0,1,0,5,0,31,1,4,1,0,0,0,2,2,7,32,0,0,0,0,0,0,0,36,0,4,0,0,0,0,0,13,990,429,576,296,125,1353,252,146,168,318,481,1272,120,67760,1018,75,631,935,93,125,10,75,18,245,758,344,133,539,136,1,76,174,1215,3,0,0,9,0,14,0,3,41,2,0,262,706,0,0,5,15,59,0,0,0,12,0,0,0,40,5,0,0,2,0,0,0,1,0,2,1784,0,0,15,1457,0,89,0,0,0,0,0,0,1,0,9,69,56,27,8042,71,34,75,10149,0,581,1,0,0,7513,0,69,0,0,8,41,0,0,1,1,5,0,0,0,129,6,0,5,0,0,7,3,1,1,0,3,0,0,1,0,0,0,0,382,5,0,0,2,7,400,18,16,1,0,1,11,33,22,41,24,25,20,0,0,0,0,51,0,20,4,5,0,0,160,7,31,0,7,0,1695,1,0,0,355,491,0,47,0,53,0,1,0,5,0,0,1,74,0,0,0,0,1,0,1,0,0,0,382,959,0,0,0,31,26,0,0,0,0
49,2020-03-11,7,12,20,1,0,0,19,1,0,65,1,20,9,3,21,9,246,11,0,195,3,0,9,314,0,0,1,2,7,0,38,11,7,2,0,0,0,3,2,19,39,0,0,0,1,0,0,0,41,0,8,0,0,0,0,0,23,990,435,576,296,127,1356,252,146,168,318,482,1273,126,67773,1018,75,631,935,93,125,10,75,18,245,760,344,133,539,136,1,76,174,1215,9,0,1,13,1,19,0,6,91,2,0,442,706,0,0,5,17,60,0,0,0,16,0,0,0,59,5,0,0,3,0,0,1,1,0,2,2281,0,0,24,1908,0,99,0,0,0,0,0,0,1,2,13,85,62,34,9000,71,43,79,12462,1,639,1,0,0,7755,0,72,0,0,10,61,0,0,1,3,7,0,0,0,149,8,0,6,0,0,8,3,1,1,0,5,0,0,1,0,0,0,0,503,5,0,0,2,7,598,18,19,8,0,5,11,49,31,59,262,45,20,0,0,0,0,62,0,21,4,12,0,0,178,10,57,0,13,0,2277,2,0,0,500,652,0,48,0,59,0,1,0,7,1,0,1,74,0,0,0,0,2,0,1,0,0,0,456,1281,0,0,0,38,30,0,0,0,0
50,2020-03-12,7,23,24,1,0,0,19,4,0,65,1,20,9,3,21,9,302,11,0,195,3,0,12,314,0,0,1,2,11,0,52,11,7,2,0,0,0,3,2,19,46,0,0,0,1,0,0,0,42,0,9,0,0,0,0,0,23,990,435,576,296,127,1356,252,146,168,318,482,1273,129,67781,1018,75,631,935,93,125,10,75,18,245,760,344,133,539,136,1,76,174,1215,9,0,1,22,1,19,3,6,94,2,0,615,706,0,0,5,17,67,0,0,0,16,0,0,0,59,5,0,0,3,0,0,1,1,0,2,2281,0,0,24,2078,0,99,0,0,0,0,1,0,1,2,13,103,73,34,10075,71,43,100,12462,2,639,1,0,0,7869,0,80,0,0,10,61,0,0,1,3,19,0,0,0,149,8,0,6,0,0,12,3,2,1,0,6,0,0,1,0,0,0,0,503,5,0,0,2,7,702,18,20,11,0,5,15,52,49,59,262,49,28,0,0,0,0,69,0,45,4,19,0,0,178,16,89,0,17,0,2277,2,0,0,599,652,0,49,0,70,0,1,0,7,1,0,1,85,0,0,0,0,2,0,1,0,0,0,456,1663,0,0,0,39,30,0,0,0,0
51,2020-03-13,7,33,26,1,0,1,31,8,1,92,1,35,16,5,36,14,504,15,0,195,3,0,27,559,0,0,1,3,13,0,151,37,23,2,0,0,0,5,2,29,64,0,2,4,1,0,0,0,74,0,17,0,2,0,0,0,43,990,436,576,296,127,1356,252,146,168,318,482,1273,134,67786,1018,75,631,935,93,125,10,75,18,245,760,346,133,539,136,1,76,174,1215,13,0,2,23,1,32,4,14,141,3,0,801,706,0,0,5,17,80,0,0,0,79,0,1,0,155,5,3,1,3,0,0,5,1,0,2,3661,0,0,25,3675,0,190,0,0,0,1,1,0,1,2,19,134,82,69,11364,101,90,126,17660,8,701,1,4,1,7979,0,80,0,0,17,77,0,0,1,6,34,0,0,0,197,9,0,12,0,0,12,6,2,1,0,7,0,0,1,2,0,0,0,804,5,0,0,2,14,996,19,28,27,0,6,28,64,68,112,320,89,45,0,0,0,0,80,0,86,10,35,0,0,200,32,141,0,24,0,5232,6,1,0,814,1139,0,50,0,75,0,1,0,16,5,0,3,85,0,0,0,1,2,0,1,0,0,0,798,2179,0,0,0,47,31,0,0,0,0
52,2020-03-14,11,38,37,1,0,1,34,18,1,112,1,46,19,5,49,17,655,15,0,210,3,0,27,689,0,0,1,10,18,0,151,40,41,2,0,0,0,7,2,29,64,0,2,4,1,0,0,0,79,0,17,0,2,0,0,0,61,990,437,576,296,129,1356,252,146,168,318,482,1273,140,67790,1018,75,631,935,93,125,10,75,18,245,760,353,133,539,136,1,76,174,1227,22,0,2,26,1,38,4,26,189,9,0,827,706,0,0,11,28,109,0,0,0,115,1,1,0,225,5,3,1,9,0,0,6,1,0,2,4469,1,0,30,4585,3,228,0,1,0,1,1,0,1,2,30,156,102,96,12729,110,129,155,21157,8,773,1,6,1,8086,0,104,0,0,26,93,0,0,4,8,51,0,0,0,238,10,0,18,1,0,26,12,2,1,0,17,0,2,1,2,0,1,0,959,6,0,0,2,14,1090,19,31,36,0,6,38,111,103,169,337,123,59,1,0,1,1,80,0,103,10,46,2,0,212,44,181,0,38,0,6391,10,1,1,961,1359,0,53,0,82,0,1,2,18,5,0,3,85,0,0,0,1,2,0,1,0,0,0,1140,2727,4,0,2,53,35,0,0,0,0
53,2020-03-15,16,42,48,1,0,1,45,26,1,134,1,61,20,6,57,17,860,23,0,214,5,0,27,886,0,0,1,10,24,0,162,50,51,3,0,0,0,7,2,39,73,0,2,4,2,1,0,0,104,1,24,0,2,0,1,0,74,990,442,576,296,133,1360,252,146,168,318,482,1273,145,67794,1018,75,631,935,93,125,10,75,18,245,760,353,133,539,136,1,76,174,1231,34,1,2,27,1,49,4,26,253,11,0,864,706,0,0,11,28,110,0,1,0,171,1,1,0,244,7,3,3,9,1,0,7,1,0,2,4499,1,0,33,5795,6,331,0,1,0,1,4,0,1,3,32,171,113,117,13938,116,129,213,24747,10,839,8,9,3,8162,0,112,0,0,30,110,0,0,4,12,59,0,0,0,428,13,0,21,1,0,41,23,2,1,0,28,0,2,1,2,0,1,0,1135,8,0,0,2,14,1221,22,53,43,0,6,43,140,119,245,401,131,63,1,0,2,1,101,0,103,24,48,2,0,226,54,219,0,51,0,7798,18,1,1,1022,2200,0,59,0,114,0,1,2,18,6,0,3,98,0,0,0,1,3,0,1,0,0,0,1140,3499,4,1,10,56,38,0,0,0,0
54,2020-03-16,21,51,54,2,0,1,56,52,2,171,1,68,29,7,71,28,1018,28,1,214,8,0,36,1058,0,1,1,11,25,0,200,54,52,15,0,0,0,7,4,56,103,0,2,7,6,1,0,5,177,1,50,0,7,0,1,0,155,990,452,576,296,133,1361,252,146,168,318,482,1273,155,67798,1018,75,631,935,93,125,11,75,18,245,760,355,133,539,136,1,76,176,1231,54,1,2,35,1,57,4,33,298,18,1,914,706,0,0,11,37,150,0,1,0,205,1,5,0,277,11,3,6,15,1,0,9,3,0,2,6633,1,0,33,7272,6,331,0,2,0,1,4,0,1,6,39,180,119,134,14991,124,169,218,27980,10,839,17,10,3,8236,0,123,0,0,34,110,1,0,4,17,77,0,0,0,566,13,0,30,1,0,53,23,7,1,0,29,0,2,1,2,0,1,0,1413,8,0,0,2,18,1333,22,136,55,0,8,86,142,177,331,439,158,90,5,0,2,1,109,0,118,24,55,3,0,243,63,253,1,62,0,9942,28,1,1,1103,2200,0,67,1,147,0,1,4,20,18,0,7,98,0,0,0,1,6,0,1,0,0,0,1543,4632,8,6,17,61,38,0,0,0,0
55,2020-03-17,22,55,60,39,0,1,68,78,2,210,1,78,29,7,94,31,1332,28,1,228,10,2,36,1243,0,1,1,11,26,0,321,56,67,15,0,0,0,33,10,74,103,0,8,8,8,3,0,7,185,1,74,0,7,0,1,0,201,990,456,576,296,133,1364,253,147,168,318,482,1273,162,67799,1018,75,631,935,93,125,12,75,18,246,761,358,133,540,136,1,76,176,1232,65,1,3,41,5,65,5,46,396,47,1,977,706,0,0,21,58,196,0,1,0,225,1,5,0,321,11,3,18,16,1,0,9,3,0,2,7652,1,1,34,9257,7,387,0,6,0,1,7,0,1,8,50,220,142,172,16169,154,223,250,31506,12,878,34,33,3,8320,0,130,0,0,49,120,1,0,7,25,140,0,0,0,673,13,0,38,1,0,82,30,7,5,2,38,0,2,1,3,0,3,0,1705,12,0,0,3,26,1463,24,236,69,0,9,117,187,238,448,439,184,114,7,0,2,1,109,0,171,26,65,4,0,266,72,275,1,62,0,11748,44,1,1,1190,2700,0,77,1,177,0,1,5,24,47,0,14,98,0,0,0,1,6,0,3,0,0,0,1950,6421,29,10,33,66,39,0,0,0,0
56,2020-03-18,22,59,74,39,0,1,79,84,3,267,1,94,37,10,121,35,1646,28,1,256,14,2,51,1486,0,2,1,12,38,0,372,68,92,20,0,0,0,35,10,97,186,0,9,15,11,3,0,12,221,1,94,0,8,0,1,0,238,990,469,576,296,133,1370,253,146,168,318,482,1273,181,67800,1018,75,631,935,93,125,15,75,18,246,761,361,133,540,136,1,76,176,1232,93,1,4,50,6,81,7,49,464,58,1,1057,712,1,0,21,111,196,0,4,0,258,1,6,0,336,11,3,27,19,3,0,12,3,0,3,9043,1,1,38,12327,7,418,0,6,0,1,7,0,1,9,58,250,156,227,17361,164,292,304,35713,13,889,52,35,3,8413,0,142,3,0,71,133,2,0,28,27,203,0,0,0,790,13,0,38,1,3,93,30,7,6,2,49,0,2,1,4,0,3,0,2051,20,0,0,8,35,1550,39,299,86,0,11,145,202,251,448,452,260,147,8,0,2,1,119,0,171,31,83,4,0,313,105,275,1,116,0,13910,51,2,1,1279,3028,0,100,3,212,0,1,7,29,98,0,14,113,0,0,0,1,6,0,8,0,1,0,2626,7783,50,15,36,75,41,0,0,2,0
57,2020-03-19,22,64,87,53,0,1,97,115,4,307,1,144,42,10,121,52,2013,44,3,278,17,5,51,1795,0,2,1,12,63,0,621,75,94,33,0,0,0,37,13,119,231,0,9,17,11,3,0,14,257,2,121,0,16,0,1,1,238,990,480,576,296,134,1378,253,146,168,318,483,1273,208,67800,1018,75,631,935,93,125,17,75,18,246,761,363,133,540,137,1,76,176,1233,102,3,14,69,9,105,11,67,694,72,2,1151,712,1,0,34,199,256,1,6,0,267,1,6,1,400,11,6,33,23,3,2,14,3,0,4,10871,1,1,40,15320,11,418,0,9,0,1,7,0,1,12,73,330,194,311,18407,192,557,427,41035,15,924,69,44,7,8565,0,148,3,0,86,157,2,0,28,36,335,0,0,0,900,13,0,53,2,3,118,49,7,6,3,63,0,3,1,4,0,3,0,2460,28,1,0,8,48,1746,48,454,109,0,11,234,217,355,785,460,277,199,8,0,2,1,119,0,274,31,103,6,0,345,123,286,1,150,0,17963,60,2,1,1439,4075,0,108,6,272,0,1,9,39,192,0,16,140,0,2,0,3,11,0,10,0,1,0,2689,13747,79,23,42,85,44,0,0,2,0
58,2020-03-20,24,70,90,75,1,1,128,136,6,353,3,184,50,10,121,64,2388,44,3,285,20,5,69,2257,0,2,2,15,89,0,793,78,127,40,0,0,1,51,20,146,271,0,10,17,11,4,0,15,308,2,139,0,20,0,3,1,434,990,491,576,299,134,1395,254,146,168,318,484,1273,256,67800,1018,75,631,935,93,126,17,75,18,247,762,371,133,541,137,1,76,176,1234,128,3,18,89,9,128,16,67,833,80,2,1255,712,1,0,72,367,285,1,6,0,283,1,9,1,450,15,11,45,32,6,2,28,3,0,4,12612,3,1,43,19848,16,495,0,12,0,1,7,2,1,24,85,409,244,369,19644,208,683,529,47021,16,963,85,49,7,8652,0,159,6,0,111,163,2,0,28,49,484,0,3,0,1030,13,0,64,2,12,164,66,11,6,14,77,0,3,1,5,0,3,1,2994,39,1,1,12,67,1914,48,501,137,1,13,234,230,425,1020,470,308,253,17,0,2,1,144,0,344,38,135,7,0,385,137,341,1,202,0,20410,73,2,4,1639,5294,0,135,6,322,0,9,9,54,359,0,29,140,0,2,0,3,14,0,10,1,1,0,3983,19273,94,33,42,91,47,0,0,2,1
59,2020-03-21,24,76,139,88,2,1,158,160,9,436,3,221,67,16,229,90,2814,53,4,305,25,6,76,2815,0,2,2,19,93,0,1021,83,163,64,0,0,3,53,27,195,424,0,10,18,17,6,0,21,377,2,181,0,26,0,3,1,537,990,504,576,303,134,1400,254,146,168,318,484,1273,273,67800,1018,75,631,935,93,126,18,75,18,248,764,380,133,542,137,1,76,176,1236,196,3,23,117,14,206,21,84,995,92,2,1326,712,1,0,112,506,294,3,6,1,306,1,9,1,523,18,15,53,32,7,4,45,3,0,4,14282,4,1,49,22213,19,530,0,17,0,2,7,2,1,24,103,473,330,450,20610,214,785,712,53578,16,1007,85,53,7,8799,0,176,14,0,124,187,3,0,37,83,670,0,3,0,1183,13,0,73,2,14,203,80,11,10,14,96,0,3,1,5,0,3,1,3631,52,2,1,22,85,2118,52,730,200,1,18,318,307,536,1280,481,367,306,17,0,2,1,144,0,392,47,171,7,0,432,178,383,1,240,0,25374,77,2,4,1763,6575,0,153,6,411,0,16,49,60,670,1,47,153,0,2,0,3,32,0,10,1,1,0,5018,25600,110,43,70,94,48,0,0,2,3
60,2020-03-22,40,89,201,113,2,1,266,194,19,669,5,259,100,22,355,120,3582,65,4,334,27,14,76,3401,0,2,2,24,126,0,1546,88,187,75,0,0,3,84,40,259,424,0,13,20,17,9,0,28,425,3,219,0,52,0,3,1,632,990,522,577,313,136,1413,254,146,168,319,484,1274,317,67800,1018,75,633,936,93,127,24,75,18,248,767,404,133,543,137,1,76,176,1238,231,3,30,134,14,254,35,95,1120,115,4,1395,712,1,1,202,789,327,3,6,1,326,4,11,2,626,18,18,58,44,11,4,64,3,0,5,16018,5,1,54,24873,23,624,1,19,0,2,19,2,1,26,131,568,396,514,21638,233,906,883,59138,19,1101,112,60,15,8961,0,188,14,0,139,248,3,0,37,143,798,0,3,0,1306,13,0,90,2,28,251,94,23,10,21,115,1,3,1,9,0,3,1,4204,102,2,2,30,115,2385,55,776,313,1,22,363,380,634,1600,494,433,367,19,0,2,1,175,0,511,67,222,7,0,455,185,414,1,274,0,28768,82,2,5,1934,7474,1,169,12,599,1,16,50,75,1236,1,73,153,0,6,0,3,32,0,15,5,1,0,5683,33276,158,43,70,113,52,0,0,3,3
61,2020-03-23,40,104,230,133,3,3,301,235,32,669,5,319,134,28,355,140,4474,72,4,377,33,17,81,3743,1,5,2,27,136,0,1924,91,201,99,0,0,3,87,56,301,472,0,13,20,17,24,0,41,503,3,628,0,66,0,3,1,746,990,537,578,313,136,1415,254,146,168,319,484,1274,356,67800,1018,75,633,936,93,127,24,75,18,248,768,404,134,543,141,1,76,176,1238,277,4,36,158,25,315,40,116,1236,118,4,1450,712,3,2,245,981,366,3,9,1,352,4,11,3,700,20,18,62,53,24,8,71,3,0,8,19856,5,2,61,29056,27,695,1,20,0,4,20,6,1,30,167,588,499,579,23049,266,1125,1071,63927,19,1128,127,62,16,8961,0,189,16,0,180,267,3,0,51,179,875,0,12,0,1518,13,0,107,2,36,316,109,23,10,27,143,1,4,2,9,0,4,2,4749,102,2,3,40,136,2621,66,875,345,1,22,395,462,749,2060,501,576,438,36,0,3,1,187,0,562,79,249,7,0,509,186,442,1,402,0,35136,97,2,5,2046,8795,1,195,12,721,1,18,51,89,1529,9,73,198,0,6,0,5,36,0,15,13,1,0,6650,43843,162,46,77,123,59,0,0,3,3
62,2020-03-24,74,123,264,164,3,3,387,249,39,818,6,397,170,28,411,175,5283,87,5,392,39,18,81,4269,1,6,2,29,166,0,2247,104,218,114,0,0,3,91,66,359,617,0,13,21,18,35,0,51,588,3,1013,0,72,0,3,3,922,990,558,578,318,136,1428,254,146,168,319,484,1274,386,67801,1018,75,636,936,93,127,25,75,18,249,768,414,134,545,145,1,76,176,1240,378,4,45,177,73,382,48,124,1394,122,5,1591,712,3,2,312,1082,402,5,9,1,369,4,12,4,792,23,25,62,57,36,10,94,3,0,8,22304,6,3,70,32986,53,743,1,21,0,4,5,7,4,30,187,648,536,686,24811,316,1329,1238,69176,21,1193,154,72,25,9037,0,191,42,2,197,318,3,1,51,209,1099,0,17,0,1624,13,0,110,2,42,367,125,23,10,47,170,3,7,2,12,0,6,2,5560,155,2,3,44,148,2863,84,972,345,1,27,416,552,901,2362,526,794,495,40,0,3,1,187,0,767,86,303,7,0,558,204,480,1,554,0,39885,102,3,7,2286,9877,1,215,12,827,1,20,57,114,1872,9,97,248,0,6,0,6,36,0,15,23,1,0,8077,53736,162,50,84,134,59,0,0,3,3
63,2020-03-25,84,146,302,188,3,3,387,265,39,1029,6,443,170,36,466,175,5588,93,5,419,39,18,86,4937,2,6,2,32,176,0,2554,109,242,146,0,0,4,96,75,358,617,0,13,35,18,35,0,68,688,5,1342,0,72,0,3,3,1142,990,561,578,322,136,1433,254,146,168,319,484,1274,410,67801,1018,77,638,936,94,127,30,75,18,250,769,433,134,547,145,1,76,176,1241,470,4,48,201,80,442,57,132,1654,132,6,1724,712,11,7,392,1173,456,9,9,4,404,4,12,5,880,28,25,73,66,36,14,111,3,0,11,25233,6,3,75,37323,93,821,1,24,2,4,5,8,4,36,226,737,657,790,27017,346,1564,2369,74386,26,1307,172,81,28,9137,0,195,44,3,221,333,3,1,51,274,1333,0,19,0,1796,13,2,129,2,48,405,149,31,10,52,225,5,7,3,17,0,6,3,6412,205,2,7,51,177,3084,99,1063,443,1,37,480,636,1051,2995,537,906,658,41,2,3,1,208,0,900,99,384,7,0,631,216,528,1,709,0,49515,102,3,8,2526,10897,5,235,12,934,1,23,60,173,2433,14,145,333,0,7,0,8,46,0,26,23,1,0,9529,65778,189,60,91,141,59,0,0,12,3
64,2020-03-26,94,174,367,224,4,7,502,290,53,1219,12,493,235,47,520,231,6909,122,9,458,44,18,86,6235,2,6,2,43,191,0,2985,114,264,152,0,0,4,96,75,486,725,0,13,36,33,82,1,73,858,5,1632,0,95,3,3,3,1306,990,566,578,328,136,1448,254,146,168,319,484,1275,453,67801,1018,89,640,936,95,128,31,75,18,253,771,451,135,547,151,1,76,178,1243,491,4,51,231,96,495,67,146,1925,140,6,1877,712,11,11,488,1403,495,13,12,6,538,6,12,5,958,28,30,73,66,36,14,135,3,0,11,29155,7,3,79,43938,132,892,7,25,2,4,5,8,4,52,261,802,727,893,29406,382,1819,2693,80589,26,1387,212,111,31,9241,71,208,44,6,244,368,3,1,56,299,1453,0,23,0,2031,13,4,134,3,81,475,177,33,11,69,275,7,8,3,28,0,6,3,7431,283,2,10,65,201,3369,109,1201,558,1,41,580,707,1221,3544,549,1029,840,50,2,3,1,208,0,1012,105,384,7,0,683,226,562,2,927,0,57786,106,3,8,2840,11811,5,252,13,1045,1,23,65,197,3629,14,196,333,0,15,0,8,66,0,35,25,5,0,11658,83836,217,75,107,153,84,0,0,16,3
65,2020-03-27,110,186,409,267,4,7,589,329,62,1405,12,555,257,47,574,231,7657,165,10,466,48,24,94,7284,2,6,3,61,237,0,3417,115,293,180,8,0,5,99,91,542,725,0,13,39,45,102,1,90,994,9,2024,0,95,3,3,3,1610,990,569,578,331,136,1456,254,146,168,319,484,1275,519,67801,1018,92,641,936,95,128,33,75,18,253,772,468,135,548,155,1,76,180,1247,539,4,51,263,101,586,80,162,2279,144,10,2046,712,12,11,581,1595,536,13,12,6,575,9,16,5,1041,28,30,73,81,50,15,145,5,0,11,32964,7,3,83,50871,137,966,7,28,2,8,5,8,4,68,300,890,887,1046,32332,458,2121,3035,86498,26,1468,235,150,31,9332,86,225,58,6,280,391,3,1,56,358,1605,0,26,0,2161,16,11,139,3,94,585,199,42,11,82,345,7,8,4,33,0,8,3,8603,368,2,10,70,219,3755,131,1373,674,1,52,635,803,1389,4268,562,1292,1036,54,2,3,1,223,0,1104,119,457,7,0,732,269,632,3,1170,0,65719,106,3,8,3069,12928,5,267,13,1136,1,25,66,227,5698,23,310,405,0,17,0,8,88,0,55,29,5,0,14543,101657,238,88,107,163,91,0,0,22,5
66,2020-03-28,110,197,454,308,5,7,690,407,71,1617,15,625,287,62,685,278,8271,182,10,476,48,26,94,9134,2,6,3,74,258,0,3904,120,331,207,8,0,5,99,91,542,884,0,13,64,51,120,1,110,1144,11,2498,0,134,4,3,3,1909,990,573,578,337,136,1467,254,146,168,319,484,1275,561,67801,1018,94,641,936,97,132,37,75,18,253,772,485,135,548,161,1,76,180,1251,608,4,65,295,101,657,119,179,2631,155,10,2201,712,14,11,719,1823,576,19,12,6,645,9,16,5,1167,28,30,102,93,63,15,183,5,0,11,37575,7,3,90,57695,141,1061,7,34,2,8,8,8,6,95,343,963,987,1155,35408,506,2415,3619,92472,30,1693,246,228,38,9478,91,235,58,8,305,412,3,3,56,394,1831,2,26,0,2320,16,18,149,5,102,717,231,42,12,84,402,8,8,5,46,0,8,3,9762,451,4,10,89,241,4015,152,1495,786,1,56,671,1075,1638,5170,590,1452,1264,60,2,3,1,224,0,1203,130,659,8,0,802,292,684,3,1187,0,73235,113,5,8,3447,14076,5,283,14,1245,1,25,74,278,7402,30,356,468,2,17,2,8,97,0,56,32,5,4,17089,121465,274,104,119,174,98,0,0,28,7
67,2020-03-29,120,212,511,334,7,7,745,424,77,1791,15,656,299,66,769,311,8788,209,11,499,48,33,94,10836,2,6,4,81,323,0,4256,126,346,222,10,0,6,103,139,621,884,0,13,72,66,135,1,122,1355,11,2840,0,156,4,3,3,2139,990,577,579,338,138,1475,254,146,168,319,484,1276,641,67801,1018,95,644,937,98,134,37,75,18,253,772,492,136,550,166,1,76,180,1254,702,19,65,314,165,713,139,214,2817,159,10,2395,712,18,11,859,1924,609,24,12,12,679,9,21,5,1240,28,30,106,93,63,15,183,5,0,11,40174,7,4,91,62095,152,1156,9,34,2,16,8,15,6,110,408,1020,1024,1285,38309,547,2615,4247,97689,32,1866,259,284,42,9583,94,255,84,8,347,438,3,8,56,460,1950,2,39,0,2470,17,18,151,5,107,848,263,46,12,85,479,8,11,5,50,0,8,6,10866,514,4,18,111,259,4284,167,1597,901,1,59,852,1418,1862,5962,634,1815,1534,70,2,9,1,224,0,1299,142,741,8,0,844,314,730,3,1280,0,80110,117,6,8,3700,14829,9,298,14,1388,1,25,78,312,9217,33,475,570,2,22,2,8,108,0,65,42,5,4,19522,140909,304,144,119,188,109,0,0,29,7
68,2020-03-30,170,223,584,370,7,7,820,482,78,2032,15,689,305,66,821,355,9618,273,14,515,49,33,152,11899,3,6,4,97,368,3,4579,127,359,246,14,0,6,107,139,661,970,0,13,96,68,148,1,127,1706,18,3430,0,156,4,3,5,2449,990,577,579,340,138,1484,254,146,168,321,484,1276,682,67801,1018,97,645,937,98,136,38,75,18,253,773,498,136,550,174,1,76,180,1255,798,19,81,330,168,790,170,230,3001,168,10,2577,712,18,11,901,1962,656,30,12,12,715,9,23,5,1352,43,36,106,93,82,15,224,6,0,15,44550,7,4,103,66885,152,1212,9,36,8,22,8,15,6,139,447,1086,1251,1414,41495,630,2910,4695,101739,36,1866,268,302,50,9661,94,266,94,8,376,446,3,8,62,491,1988,2,43,0,2626,17,25,156,5,128,993,298,49,12,91,556,8,11,5,50,0,11,6,11750,589,4,27,131,285,4445,179,1717,989,1,64,950,1546,2055,6408,693,2109,1836,70,7,9,1,230,0,1453,162,785,8,0,879,336,756,3,1326,0,87956,122,6,8,4028,15922,10,306,19,1524,1,30,82,312,10827,33,548,611,2,27,2,12,141,0,69,49,5,5,22141,161831,310,149,135,203,116,0,0,35,7
69,2020-03-31,174,243,716,376,7,7,1054,532,80,2032,17,743,337,69,917,364,10180,298,14,567,51,34,152,12775,3,9,4,107,420,4,5717,129,399,261,15,2,6,109,193,690,1013,0,13,103,70,152,1,147,1966,21,4162,0,184,5,3,7,2738,990,580,579,343,138,1494,254,146,168,321,484,1276,714,67801,1018,107,646,937,98,139,41,75,18,253,774,509,136,550,174,1,76,182,1257,906,19,98,347,179,867,186,262,3308,169,10,2860,712,30,12,1109,2240,710,32,12,15,745,9,26,5,1418,43,36,114,128,94,16,247,6,0,15,52128,16,4,110,71808,161,1314,9,38,8,22,12,15,6,141,492,1135,1397,1528,44605,694,3235,5358,105792,36,1953,274,343,59,9786,112,289,107,9,398,470,3,10,68,537,2178,2,57,0,2766,18,28,169,6,143,1094,353,52,12,109,617,8,11,5,55,0,11,6,12595,647,5,27,135,329,4641,192,1938,1181,1,65,1065,2084,2311,7443,781,2245,2337,75,8,13,1,236,0,1563,175,900,10,1,926,363,802,5,1353,0,95923,143,7,9,4435,16605,10,322,19,1651,1,34,87,394,13531,44,645,664,2,32,3,14,141,0,69,60,5,5,25150,188172,338,172,135,212,119,0,0,35,8
70,2020-04-01,237,259,847,390,8,7,1054,571,84,2182,19,781,367,69,968,392,10711,359,21,569,54,34,163,13964,3,13,4,115,459,4,6836,131,422,282,15,2,6,109,233,754,1013,0,13,127,81,175,2,173,2392,21,4611,0,193,5,3,7,3031,990,580,579,345,138,1501,254,146,168,323,484,1276,765,67802,1018,111,646,937,98,140,41,75,18,255,774,516,137,552,176,1,76,182,1257,1065,19,109,375,190,963,212,320,3508,173,10,3107,712,33,12,1284,2748,779,32,15,15,779,9,29,5,1446,51,37,125,135,94,16,281,6,0,15,56989,18,4,117,77872,195,1415,9,39,9,30,19,16,6,172,525,1220,1998,1677,47593,728,3447,6092,110574,44,2178,278,380,81,9887,125,317,111,10,446,479,6,10,68,581,2319,9,57,0,2908,19,31,188,6,161,1215,423,55,14,123,654,10,14,5,55,0,11,16,13614,708,5,74,174,354,4863,210,2118,1181,1,69,1323,2311,2554,8251,835,2460,2777,82,8,13,1,236,0,1720,190,1060,10,2,1000,400,841,5,1380,0,104118,146,7,10,4947,17768,10,329,20,1771,1,36,90,423,15679,44,794,814,2,32,3,22,172,0,81,68,5,6,29474,213242,338,181,143,218,134,0,0,36,8
71,2020-04-02,273,277,986,428,8,9,1133,663,87,2298,21,835,367,72,1036,400,11129,400,24,643,56,46,304,15348,3,13,5,123,533,4,8044,133,457,288,20,3,6,110,306,969,1121,0,13,167,91,183,2,193,2793,22,5518,0,206,6,3,8,3404,990,582,579,345,138,1507,254,146,168,325,488,1276,802,67802,1019,117,647,937,98,141,41,75,18,255,775,522,137,554,176,1,76,183,1258,1161,22,134,396,194,1011,233,356,3858,177,10,3386,712,40,12,1380,3163,865,41,15,22,858,9,29,7,1518,51,37,128,138,116,18,308,6,0,22,59105,21,4,134,84794,204,1544,10,47,9,52,19,16,7,219,585,1319,2543,1790,50468,772,3849,6857,115242,47,2495,299,435,110,9976,125,342,116,10,458,494,6,11,75,649,2487,9,59,3,3116,19,36,196,6,169,1378,505,60,14,144,708,10,14,6,60,2,11,18,14697,797,5,98,184,384,5147,231,2421,1317,1,77,1414,2633,2946,9034,949,2738,3548,84,9,13,2,245,0,1885,195,1171,10,2,1049,426,897,5,1462,0,112065,151,8,10,5568,18827,16,339,20,1875,1,39,94,455,18135,45,897,1024,3,35,3,28,193,0,88,95,5,5,33718,243622,350,205,146,233,161,0,0,39,9
72,2020-04-03,281,304,1171,439,8,15,1265,736,91,2389,22,873,396,74,1085,400,11524,443,24,672,61,51,351,16770,4,16,5,132,579,4,9056,134,485,302,20,3,6,114,509,969,1174,0,13,182,91,195,2,207,3255,22,6101,0,220,6,8,8,3737,990,584,579,349,138,1514,254,146,168,326,489,1276,845,67802,1019,117,651,937,98,141,43,75,18,255,778,526,137,555,180,1,76,184,1260,1267,22,134,416,218,1079,269,396,4091,179,10,3757,712,49,12,1488,3368,985,46,16,22,961,9,35,7,1615,57,39,130,143,128,18,321,6,0,22,64338,21,4,155,91159,205,1613,12,50,15,73,23,18,7,222,623,1364,2567,1986,53183,820,4273,7428,119827,47,2617,310,464,122,10062,126,417,130,10,493,508,7,11,75,696,2612,9,70,3,3333,19,39,202,6,186,1510,591,64,14,174,791,10,14,6,62,2,11,23,15723,868,5,120,210,430,5370,252,2686,1475,1,92,1595,3018,3383,9886,1075,3183,4149,89,9,13,3,245,0,2039,207,1476,10,2,1114,450,934,7,1505,0,119199,159,10,10,6131,19606,16,348,20,1978,1,40,98,495,20921,48,1072,1264,3,35,3,28,232,0,95,114,6,5,38168,275367,369,227,153,237,194,0,0,39,9
73,2020-04-04,299,333,1251,466,10,15,1451,770,93,2493,26,900,407,80,1115,436,11781,521,28,688,70,52,440,18431,4,16,5,139,624,4,10360,135,503,318,21,3,7,114,555,1075,1203,0,13,182,91,195,4,236,3630,22,6101,0,220,6,8,9,4161,990,585,579,350,138,1516,254,146,168,326,491,1276,862,67803,1019,117,651,937,98,141,43,75,18,256,778,529,137,557,180,1,76,184,1262,1406,22,154,435,245,1126,288,426,4472,181,11,4077,712,50,14,1488,3465,1070,56,16,29,1039,9,38,12,1882,61,40,134,145,134,17,334,6,0,24,68605,21,4,162,96092,205,1673,12,61,18,111,23,20,7,264,678,1417,3082,2092,55743,878,4604,7851,124632,53,3139,323,531,126,10156,135,479,144,10,509,520,10,18,77,771,2729,9,70,4,3483,19,41,213,6,196,1688,752,66,14,201,919,10,14,9,64,2,11,23,16627,950,5,144,214,483,5550,277,2818,1673,1,96,1746,3094,3627,10524,1325,3613,4731,102,9,14,7,259,0,2179,219,1624,10,4,1189,471,977,7,1585,0,126168,166,10,10,6443,20505,16,355,20,2067,1,41,103,553,23934,48,1225,1505,3,35,3,35,262,1,98,126,6,5,41903,308650,400,266,155,240,217,0,0,39,9
74,2020-04-05,349,361,1320,501,14,15,1451,822,96,2580,27,907,407,82,1135,453,12051,584,28,700,88,56,562,19691,5,22,5,157,654,6,11130,135,531,345,21,3,7,114,650,1181,1203,0,13,203,98,217,4,262,4354,22,7944,0,249,6,8,9,4471,990,586,579,350,138,1524,254,146,168,327,504,1276,890,67803,1019,117,651,937,98,142,44,75,18,256,779,531,138,558,180,1,76,184,1263,1485,45,154,454,261,1182,320,446,4587,181,11,4369,712,59,14,1745,3646,1173,62,16,29,1097,9,43,12,1927,61,41,135,149,147,18,344,6,1,32,70478,21,4,174,100123,214,1735,12,61,18,121,24,21,7,268,733,1486,3588,2273,58226,961,4994,8430,128948,58,3139,345,584,142,10237,145,556,147,11,533,527,13,18,77,811,2804,9,72,4,3662,19,45,227,6,227,1890,864,73,14,214,1021,10,16,9,64,2,11,25,17851,1039,6,184,232,555,5687,298,3157,1801,1,104,2281,3246,4102,11278,1604,3864,5389,104,10,14,7,266,0,2402,222,1908,10,6,1309,485,997,7,1655,1,131646,176,12,10,6830,21100,19,363,22,2169,1,44,104,574,27069,52,1308,1799,3,37,3,35,309,2,103,127,6,5,47806,336802,400,342,159,241,237,4,0,39,9
75,2020-04-06,367,377,1423,525,16,15,1554,833,96,2637,28,921,411,86,1158,460,12297,641,29,756,123,60,700,20814,7,26,5,183,674,6,12161,135,549,364,22,3,7,114,658,1250,1266,0,13,203,103,226,5,293,4347,22,8580,0,249,6,8,9,4815,990,587,579,350,139,1532,254,146,168,327,524,1276,914,67803,1019,118,651,937,98,142,44,75,18,256,780,536,138,559,180,1,76,184,1264,1579,45,161,467,323,1222,350,465,4822,183,11,4681,712,90,15,1828,3747,1322,69,16,31,1108,10,44,14,2176,72,42,135,151,147,18,349,6,1,32,74390,24,4,188,103374,214,1755,12,70,18,128,31,24,7,298,744,1562,4778,2491,60500,1031,5364,8904,132547,58,3654,349,662,158,10284,145,665,216,12,542,541,14,19,77,843,2843,9,82,5,3793,19,47,241,6,244,2143,965,77,15,233,1120,10,16,9,71,2,13,37,18803,1106,6,253,238,570,5865,331,3766,1988,2,113,2561,3660,4413,11730,1832,4057,6343,105,10,14,7,266,4,2605,226,2200,11,6,1375,534,1021,7,1686,1,136675,178,12,10,7206,21657,19,373,24,2220,1,58,105,596,30217,52,1319,2076,3,39,3,39,323,2,109,139,6,8,51608,366317,406,457,165,245,254,4,0,39,10
76,2020-04-07,423,383,1468,545,17,19,1628,853,96,2686,28,934,411,89,1191,460,12639,717,33,811,164,63,861,22194,7,26,5,194,764,6,14034,135,577,384,22,3,7,115,658,1373,1266,0,13,217,105,228,5,310,4726,22,9340,0,260,7,8,10,5116,990,587,579,351,139,1533,254,146,168,327,544,1276,935,67803,1019,121,651,937,98,144,44,75,18,256,781,538,138,560,180,1,76,184,1265,1780,45,180,483,349,1282,396,494,5017,184,11,5071,712,90,15,1956,3747,1450,78,16,31,1149,10,52,15,2308,72,47,139,152,171,18,358,6,1,32,78167,30,4,196,107663,287,1832,12,77,33,144,33,25,7,305,817,1586,5311,2738,62589,1122,5709,9248,135586,63,3906,353,697,172,10331,170,743,228,14,548,548,14,20,78,880,2970,9,88,8,3963,19,56,293,6,268,2439,1056,79,15,241,1184,10,16,9,74,2,13,40,19580,1160,6,278,254,599,6086,371,4035,2100,2,115,2954,3764,4848,12442,2057,4417,7497,105,11,14,8,279,4,2795,237,2447,11,6,1481,581,1059,8,1749,2,141942,185,14,10,7693,22253,19,376,24,2258,1,65,107,623,34109,52,1462,2359,3,39,3,45,335,2,113,150,9,8,55242,397121,424,520,165,249,261,4,0,39,11
77,2020-04-08,444,400,1572,564,19,19,1715,881,99,2734,28,943,415,98,1212,481,12942,822,40,823,218,63,1066,23403,8,26,5,210,804,6,16170,135,593,414,22,3,7,117,730,1373,1291,0,13,217,105,228,5,310,5276,25,10031,0,260,7,8,10,5546,990,588,579,351,139,1536,254,146,168,327,569,1276,960,67803,1019,124,651,937,98,144,45,75,18,256,783,543,163,560,180,1,76,184,1266,2054,45,180,502,384,1343,457,526,5312,184,11,5402,712,135,15,2111,4450,1560,93,18,33,1185,12,55,15,2487,77,51,141,154,171,18,358,6,1,32,82048,34,4,211,113296,313,1884,12,87,33,164,37,27,8,312,895,1616,5916,2956,64586,1202,6074,9404,139422,63,4257,358,727,179,10384,184,855,270,15,577,576,31,21,78,912,3034,9,93,8,4119,19,59,299,6,273,2785,1174,81,16,248,1275,17,16,9,77,2,14,40,20549,1210,6,342,276,617,6086,419,4263,2249,2,119,4342,3870,5205,13141,2210,4761,8672,110,11,14,8,279,4,2932,244,2666,11,7,1623,682,1091,12,1845,2,148220,189,14,10,8419,23280,19,379,25,2369,1,70,107,628,38226,53,1668,2659,3,39,3,45,351,5,120,158,9,8,60733,428654,424,545,167,251,263,4,0,39,11
78,2020-04-09,484,409,1666,583,19,19,1795,921,100,2773,28,953,420,111,1228,495,13244,926,41,887,330,66,1486,24983,9,26,5,264,858,13,18092,135,618,443,23,3,7,119,730,1423,1336,0,13,221,108,232,5,342,5759,25,10912,0,271,7,8,11,5972,991,588,579,351,139,1539,254,146,168,327,609,1276,973,67803,1019,126,651,937,98,144,45,75,18,256,783,552,166,560,182,1,76,184,1267,2223,60,180,539,444,1407,515,564,5569,184,11,5635,712,135,15,2349,4965,1699,103,18,33,1207,12,56,15,2605,83,51,141,154,184,18,362,6,1,32,86334,44,4,218,118181,378,1955,12,95,36,194,37,30,8,343,980,1648,6725,3293,66220,1232,6574,9968,143626,63,4667,372,781,184,10423,184,910,280,16,589,582,31,24,78,955,3115,9,93,8,4228,19,74,337,7,314,3181,1289,84,16,252,1374,17,16,9,82,2,14,43,21762,1239,7,410,288,663,6211,457,4489,2528,2,124,5256,4076,5575,13956,2376,5202,10131,110,11,14,12,333,4,3287,250,2867,11,7,1910,701,1124,12,1934,3,153222,190,15,10,9141,24051,19,380,25,2423,1,73,109,643,42282,53,1892,2990,3,48,3,45,361,5,123,190,9,8,65077,462780,456,582,171,255,263,4,0,39,11
79,2020-04-10,521,416,1761,601,19,19,1975,937,103,2822,28,965,428,122,1241,506,13555,991,42,925,424,67,1981,26667,10,35,5,268,901,13,19638,136,635,443,27,3,7,119,820,1451,1370,0,13,230,112,239,5,407,6237,25,11677,0,285,8,8,11,6501,991,588,579,351,139,1544,254,146,168,327,638,1276,989,67803,1019,128,651,937,98,144,45,75,18,256,783,555,168,560,183,1,76,184,1267,2473,60,215,558,444,1495,564,595,5732,184,11,5819,712,150,16,2620,7161,1794,117,18,34,1258,12,65,16,2769,83,51,143,155,191,18,382,6,1,32,90676,44,4,234,122171,378,2011,14,126,36,212,37,31,8,382,1190,1675,7598,3512,68192,1279,8089,10408,147577,63,5530,372,812,189,10450,250,993,298,16,612,609,37,24,79,999,3223,9,93,9,4346,19,87,350,7,318,3441,1438,90,16,255,1448,20,16,9,86,2,14,50,23097,1283,7,438,305,711,6314,484,4695,2752,2,129,5897,4195,5955,15472,2512,5467,11917,118,12,15,12,344,4,3651,265,3105,11,8,2108,715,1160,21,2003,4,158273,190,17,10,9685,24551,19,382,32,2473,2,76,109,671,47029,53,2203,3360,3,48,3,45,398,5,127,201,9,8,73758,496535,473,624,171,257,267,4,1,40,13
80,2020-04-11,555,433,1825,601,19,21,1975,967,103,2857,28,974,429,133,1265,514,13806,1058,46,1040,482,68,2226,28018,13,35,5,275,946,13,20727,136,661,484,38,5,8,120,820,1567,1445,0,13,243,112,241,5,428,6648,25,12292,0,289,8,8,11,6927,991,589,579,351,139,1548,254,146,168,327,661,1276,1000,67803,1019,155,652,937,98,145,45,75,18,256,784,555,172,560,183,1,76,184,1267,2709,60,223,577,533,1534,620,616,5831,184,11,5996,712,187,16,2759,7257,1939,118,18,34,1304,12,69,16,2905,83,51,143,155,196,18,388,6,1,32,93790,46,9,242,124908,408,2081,14,137,38,250,45,33,8,392,1310,1689,8446,3842,70029,1318,8928,10743,152271,65,6005,381,865,191,10480,283,1154,339,18,630,619,48,24,79,1026,3270,9,102,12,4530,19,87,370,7,319,3844,1560,92,16,263,1545,20,16,9,92,2,14,50,24413,1312,8,491,318,760,6409,546,5011,2974,2,133,6848,4428,6356,15987,2728,5990,13584,120,12,15,12,356,4,4033,278,3380,11,8,2299,728,1188,21,2028,4,163027,198,19,10,10151,25107,25,385,32,2518,2,76,112,685,52167,53,2511,3736,3,48,3,45,407,5,129,226,9,8,78991,526396,494,767,175,258,268,4,1,40,14
81,2020-04-12,607,446,1914,638,19,21,2142,1013,103,2857,28,983,429,133,1268,514,13945,1098,46,1136,621,71,2578,29647,14,35,5,300,1009,13,22192,136,675,497,41,5,8,122,820,1567,1445,-1,13,242,114,242,5,445,7049,25,12846,0,298,8,8,18,7213,991,589,579,352,139,1552,254,146,168,327,684,1276,1004,67803,1019,189,653,937,99,145,45,75,18,256,784,607,172,560,183,1,76,184,1267,2776,60,234,595,574,1600,669,633,5991,184,11,6174,712,214,16,2967,7466,2065,125,21,34,1309,14,71,16,2974,86,53,143,155,196,18,389,6,1,32,120633,49,9,257,127854,566,2114,14,155,38,250,45,33,8,393,1410,1701,9205,4241,71686,1352,9655,11145,156363,69,6748,389,951,197,10512,283,1234,377,19,651,630,50,25,79,1053,3281,9,106,13,4683,20,105,378,7,324,4219,1662,93,16,272,1661,21,16,12,92,3,14,50,25587,1330,9,529,323,828,6525,599,5230,3234,2,134,7519,4648,6674,16585,2979,6300,15770,126,12,15,12,356,4,4462,280,3630,11,10,2532,742,1205,25,2173,4,166831,210,19,10,10483,25415,25,388,32,2551,2,76,113,707,56956,54,2777,4123,3,57,3,53,431,5,129,228,9,9,84279,555313,480,865,181,262,290,6,1,43,14
82,2020-04-13,665,467,1983,646,19,23,2208,1039,102,2863,28,987,429,144,1281,517,14041,1148,47,1361,803,72,2919,30589,18,35,5,330,1037,13,23430,136,685,497,62,5,10,122,820,1732,1490,-1,13,246,116,244,5,474,7470,25,13557,0,300,8,11,23,7525,991,589,579,352,139,1555,254,146,168,327,740,1276,1009,67803,1019,190,653,937,100,145,45,75,18,256,784,618,173,560,184,1,76,184,1267,2852,60,235,612,626,1650,726,662,6059,184,11,6318,712,298,16,3167,7529,2190,137,21,34,1332,15,74,16,3064,86,55,143,157,207,18,391,6,1,32,124298,57,9,272,130072,566,2145,14,156,38,319,45,40,8,397,1458,1711,10453,4557,73303,1378,10647,11586,159516,73,7370,391,1091,208,10537,283,1300,419,19,655,632,59,26,79,1062,3292,9,106,16,4817,20,123,384,7,324,4661,1712,93,17,274,1763,21,16,14,92,3,14,50,26551,1349,9,529,343,854,6603,727,5496,3400,2,147,9784,4932,6934,16934,3231,6633,18328,127,12,15,12,356,4,4934,291,4054,11,10,2918,769,1212,60,2272,4,170099,217,29,10,10948,25688,25,393,49,2579,4,77,113,726,61049,54,3102,4521,3,57,3,53,436,5,129,242,11,10,88621,580619,480,998,189,265,308,6,1,45,17
83,2020-04-14,714,475,2070,659,19,23,2277,1067,103,2870,28,998,433,165,1291,527,14226,1197,49,1528,1012,72,3281,31119,18,35,5,354,1083,13,25262,136,713,528,63,5,11,122,848,1870,1490,-1,13,246,116,244,5,517,7953,25,14248,0,300,8,11,23,7917,991,589,579,353,139,1564,254,146,168,327,819,1276,1012,67803,1019,190,653,937,100,145,45,75,18,256,784,618,173,560,185,1,76,184,1267,2979,60,241,618,638,1704,766,695,6111,184,11,6511,712,363,16,3286,7603,2350,149,41,34,1373,15,82,16,3161,86,55,145,157,217,18,391,6,1,32,129257,57,9,300,131359,636,2170,14,167,38,363,47,40,8,407,1512,1720,11487,4839,74877,1400,11479,12046,162488,73,7645,397,1232,216,10564,387,1355,430,19,657,641,59,35,79,1070,3307,9,108,16,4987,20,144,393,7,324,5014,1934,93,30,283,1888,28,16,16,92,3,14,52,27419,1366,9,570,373,908,6623,813,5837,3472,2,159,10303,5223,7202,17448,3428,6879,21102,134,14,15,12,371,4,5369,299,4465,11,11,3252,835,1220,60,2415,4,172541,233,32,10,11445,25936,29,393,53,2613,6,77,113,747,65111,55,3372,4933,3,57,3,54,440,11,129,254,11,10,93873,607670,483,1165,189,266,308,6,1,45,17
84,2020-04-15,784,494,2160,673,19,23,2443,1111,103,2886,28,999,433,165,1299,527,14336,1253,49,1671,1231,73,3728,33573,18,35,5,397,1110,13,28320,136,747,542,74,5,56,122,848,1870,1517,-1,13,246,117,247,5,549,8447,26,14860,0,304,8,12,23,8273,991,590,579,353,139,1566,254,146,168,327,841,1276,1017,67803,1019,190,653,937,102,145,45,75,18,256,784,622,186,560,185,1,76,184,1268,3105,117,254,626,638,1741,814,715,6216,184,11,6681,712,435,16,3614,7858,2505,159,51,35,1400,15,85,16,3237,86,55,145,158,217,18,391,6,1,35,132473,80,9,306,134753,636,2192,14,180,43,404,55,41,8,419,1579,1727,12322,5136,76389,1415,12547,12501,165155,125,8100,401,1295,225,10591,387,1405,449,19,666,658,59,48,79,1091,3373,9,110,16,5072,22,148,399,7,324,5399,2049,93,30,288,2024,29,16,16,93,3,14,53,28153,1386,9,584,407,974,6740,910,6383,3574,2,161,11475,5453,7582,18091,3711,7216,24490,136,14,15,12,372,4,5862,314,4873,11,13,3699,863,1248,80,2506,4,177644,238,32,10,11927,26336,33,395,88,2643,8,81,114,780,69392,55,3764,5365,3,81,3,54,447,11,131,256,11,10,98476,636350,492,1302,197,267,374,6,1,48,23
85,2020-04-16,840,518,2268,673,19,23,2571,1159,103,2897,28,1001,433,169,1299,532,14476,1283,53,1700,1572,75,4204,34809,18,35,5,441,1167,15,30425,136,800,546,85,5,56,122,996,1996,1561,-1,13,250,117,252,5,579,9840,26,15857,0,305,8,12,27,8807,991,593,579,353,139,1571,254,146,168,328,861,1276,1017,67803,1019,193,653,937,102,145,45,75,18,256,784,628,194,560,186,1,76,184,1268,3233,117,267,642,654,1791,862,735,6433,184,11,6879,712,591,16,3755,8225,2673,164,51,35,1434,16,92,17,3369,86,55,145,158,233,18,394,6,1,35,144944,80,9,348,137698,641,2207,14,196,43,438,55,41,8,426,1652,1739,13430,5516,77995,1434,13271,12758,168941,143,8626,402,1402,234,10613,449,1524,466,19,675,663,59,49,79,1128,3444,9,111,16,5182,25,171,412,7,324,5847,2154,93,31,303,2283,31,16,16,95,3,14,57,29214,1401,9,584,442,1081,6896,1019,6919,3751,7,174,12491,5660,7918,18841,4103,7707,27938,138,14,15,12,426,4,6380,335,5318,11,15,4427,977,1268,80,2605,4,184948,238,32,10,12540,26732,33,395,94,2672,18,81,114,822,74193,55,4161,5825,3,81,3,60,457,11,131,284,11,11,103093,667592,502,1349,204,268,374,6,1,48,23
86,2020-04-17,906,539,2418,696,19,23,2669,1201,103,2926,28,1007,435,180,1302,541,14595,1340,54,1740,1838,75,4779,36138,18,35,5,465,1214,15,33682,136,846,557,88,5,56,122,996,2397,1575,-1,13,250,117,256,5,606,10456,26,16798,0,307,8,12,27,9252,991,593,579,354,139,1577,254,146,168,328,872,1276,1021,68128,1019,193,653,937,102,146,45,75,18,256,787,628,197,560,189,1,76,184,1268,3439,143,287,649,688,1814,923,750,6549,184,11,7073,712,732,16,4126,8450,2844,177,79,35,1459,16,96,17,3489,96,55,145,158,245,18,402,6,1,35,146923,108,9,370,141397,641,2224,14,214,43,477,63,43,8,442,1763,1754,14352,5923,79494,1482,13980,12982,172434,143,9787,407,1546,246,10635,480,1658,489,19,682,668,76,49,79,1149,3480,9,117,17,5251,28,171,422,7,324,6297,2264,94,31,303,2564,34,16,30,96,3,14,57,30449,1409,9,627,493,1117,6937,1069,7025,4016,7,199,13489,5878,8379,19022,4663,8067,32008,143,14,15,12,435,4,7142,342,5690,11,26,5050,1049,1304,116,2783,4,190839,244,33,10,13216,27078,38,395,147,2700,18,83,114,864,78546,56,4662,6302,3,83,4,61,470,11,132,291,11,11,108692,699706,502,1405,204,268,402,6,1,52,24
87,2020-04-18,933,548,2534,704,24,23,2758,1248,103,2936,28,1015,435,188,1319,544,14671,1373,55,1773,2144,75,4779,37183,18,35,5,493,1268,15,36658,137,878,565,98,5,58,122,1017,2562,1618,-1,13,253,117,257,5,649,11013,26,17521,0,313,9,12,33,9730,991,593,579,355,139,1579,254,146,168,328,892,1276,1024,68128,1019,193,653,937,102,146,45,75,18,256,787,628,197,561,189,1,76,184,1268,3439,143,307,655,801,1832,986,761,6606,184,11,7242,712,732,16,4335,9022,3032,190,79,39,1512,22,105,17,3681,96,55,148,158,254,18,407,6,1,37,146906,108,9,388,143342,834,2235,14,235,46,518,63,44,8,457,1834,1760,15722,6248,80868,1513,14758,13265,175925,163,10296,413,1615,262,10653,510,1751,506,19,712,672,76,49,79,1239,3537,9,120,17,5305,35,216,426,7,325,6875,2378,94,31,307,2685,35,16,31,96,3,14,64,31589,1422,9,639,542,1170,7036,1180,7638,4210,7,202,14420,6087,8742,19685,5008,8418,36793,144,14,15,12,455,4,8274,350,5994,11,30,5992,1089,1317,135,3034,4,191726,254,66,10,13822,27404,38,398,147,2733,18,84,114,864,82329,55,5106,6302,3,83,4,61,484,11,132,297,11,11,114217,732197,508,1490,227,268,418,6,1,57,25
88,2020-04-19,996,562,2629,713,24,23,2839,1291,103,2957,28,1019,435,195,1328,545,14749,1398,55,1881,2456,75,4779,38496,18,35,5,520,1285,20,38654,138,894,576,111,5,61,122,1017,2803,1647,-1,13,254,118,257,5,675,11561,26,17950,0,315,9,12,33,10088,991,593,579,355,139,1580,254,147,168,328,898,1276,1025,68128,1019,193,653,937,104,146,45,75,18,256,787,635,197,561,189,1,76,184,1268,3792,143,327,660,847,1871,1035,767,6746,185,11,7384,712,846,16,4680,9468,3144,201,79,39,1528,22,108,17,3783,96,55,148,163,271,18,408,6,1,37,151808,109,10,394,145184,1042,2235,14,257,50,579,65,47,8,472,1916,1771,17615,6575,82211,1539,15251,13491,178972,173,10797,417,1676,270,10661,510,1915,554,19,727,673,91,51,81,1298,3550,9,121,17,5389,52,224,427,7,328,7497,2472,94,32,308,2855,39,16,31,97,5,14,67,32655,1431,10,648,627,1207,7078,1266,8348,4273,7,206,15628,6259,9287,20206,5448,8746,42853,147,14,15,12,461,4,9362,367,6318,11,35,6588,1161,1330,164,3158,4,198674,271,66,10,14385,27740,39,420,170,2765,19,84,114,879,86306,55,5449,6781,3,86,4,61,488,11,132,298,11,11,120067,758809,517,1565,256,268,437,6,1,61,25
89,2020-04-20,1026,584,2718,717,24,23,2941,1339,104,2963,28,1019,435,200,1329,545,14795,1436,60,1907,2948,75,6264,39983,18,54,5,564,1309,20,40743,138,929,581,119,5,67,122,1163,2908,1647,-1,13,254,118,257,5,721,12063,26,19319,0,316,11,12,33,10507,991,593,579,355,139,1581,254,147,168,328,905,1276,1025,68128,1019,194,653,937,104,146,45,75,18,256,787,638,197,561,189,1,76,184,1268,3977,160,332,662,847,1881,1087,772,6900,185,11,7515,712,846,16,4964,10128,3333,218,79,39,1535,24,111,18,3868,97,56,148,163,271,18,408,6,1,37,154188,120,10,402,147065,1042,2245,14,289,50,622,65,57,9,477,1984,1773,18539,6760,83505,1574,15652,13713,181228,223,10797,425,1852,281,10674,510,1995,568,19,739,677,99,51,81,1326,3558,9,121,17,5425,69,246,431,7,328,8261,2548,94,33,312,3046,39,16,31,97,5,14,67,33405,1440,10,648,665,1225,7156,1410,8418,4467,7,208,16325,6459,9593,20863,6015,8936,47121,147,15,15,12,462,4,10484,377,6630,11,43,8014,1173,1335,237,3300,4,200210,304,107,10,14777,27944,39,422,254,2792,22,84,114,884,90980,56,5710,7265,3,86,5,66,488,11,132,300,11,11,124743,784326,535,1627,256,268,449,6,1,65,25
90,2020-04-21,1092,609,2811,717,24,23,3031,1401,104,2969,28,1024,437,201,1336,546,14873,1480,65,1973,3382,75,6723,40956,18,54,6,598,1342,20,43079,138,975,600,121,5,68,122,1163,3095,1724,-1,13,255,118,257,5,737,12715,26,20126,0,320,11,14,33,10832,991,593,579,355,139,1582,254,147,168,328,913,1276,1029,68128,1019,194,653,937,106,146,45,75,18,277,787,638,197,561,189,1,76,184,1268,4149,165,350,669,916,1908,1137,784,7033,185,11,7695,712,945,16,5044,10398,3490,225,83,39,1552,31,114,18,4014,97,56,148,163,311,18,410,6,1,37,156921,156,10,408,148291,1042,2401,14,294,50,688,66,57,9,494,2098,1778,20080,7135,84802,1602,16040,13942,183957,223,11135,428,1995,296,10683,510,2080,590,19,748,677,101,51,81,1350,3618,9,121,18,5482,83,258,443,7,328,8772,2614,94,34,313,3209,39,16,43,97,5,14,67,34134,1445,10,657,665,1231,7191,1508,9565,4658,7,208,17837,6599,9856,21379,6533,9242,52763,150,15,15,12,476,4,11631,412,6630,11,50,9125,1199,1344,286,3465,4,204178,310,107,10,15322,28063,42,425,254,2811,23,86,115,884,95591,61,6125,7755,3,86,5,66,496,11,132,307,11,11,129044,811865,535,1678,285,268,466,6,1,70,28
91,2020-04-22,1176,634,2910,723,25,24,3144,1473,104,2971,28,1024,438,205,1336,546,14925,1518,65,2027,3772,75,7281,41889,18,54,6,609,1368,22,45757,138,1024,609,123,11,73,122,1163,3401,1795,-1,-1,257,118,256,5,772,13718,26,20965,0,326,11,14,33,11296,991,593,579,355,139,1582,254,147,168,328,921,1276,1033,68128,1019,194,653,937,106,146,45,75,18,279,787,639,197,561,189,1,76,184,1268,4356,186,359,681,952,1950,1189,790,7132,185,11,7912,712,974,16,5300,10850,3659,237,84,39,1559,31,116,18,4129,97,57,148,164,326,18,410,6,1,38,154715,166,10,416,150648,1154,2408,15,316,50,761,67,62,9,510,2168,1785,21370,7418,85996,1631,16671,14498,187327,233,11512,435,2135,303,10694,510,2248,612,19,761,682,101,59,81,1370,3654,9,121,23,5532,86,293,444,7,329,9501,2778,94,35,315,3446,41,16,45,100,5,14,71,34842,1451,10,662,873,1259,7338,1614,10076,4821,8,213,19250,6710,10169,21982,7141,9710,57999,153,15,15,13,488,4,12772,442,6630,11,61,10141,1244,1353,286,3635,4,208389,330,140,10,16004,28268,42,426,284,2826,23,88,115,909,98674,63,6592,8238,3,99,5,66,498,11,132,307,11,11,133495,840351,543,1716,288,268,474,6,1,74,28
92,2020-04-23,1279,663,3007,723,25,24,3435,1523,104,2976,28,1026,438,207,1337,546,15002,1548,72,2217,4186,76,8022,42797,18,54,7,703,1413,22,50036,138,1097,616,139,11,82,122,1334,3720,1824,0,-1,262,118,256,5,827,14068,26,21838,0,331,11,16,33,11812,991,593,579,355,139,1585,254,147,168,328,928,1276,1035,68128,1019,194,653,937,108,146,45,75,18,279,787,641,197,561,189,1,76,184,1268,4561,186,377,686,1004,1981,1235,795,7187,187,11,8073,712,986,16,5543,11183,3891,250,84,39,1592,31,116,18,4284,107,57,148,164,326,18,412,6,1,38,157026,167,10,425,153129,1154,2463,15,384,50,862,70,72,9,519,2284,1789,23077,7775,87026,1677,17607,14803,189973,257,12368,437,2289,320,10708,510,2399,631,19,778,688,101,60,81,1398,3665,9,121,33,5603,108,309,445,7,331,11633,2926,94,36,316,3568,46,16,48,100,5,14,73,35729,1456,11,671,981,1300,7401,1716,11155,5166,8,213,20914,6981,10511,22353,7764,10096,62773,154,15,15,13,501,4,13930,479,6630,11,64,11178,1325,1366,328,3953,5,213024,368,174,10,16755,28496,42,427,284,2839,23,88,115,918,101790,74,7170,8756,3,99,5,66,521,12,133,307,11,11,138078,869170,557,1758,311,268,480,6,1,76,28
93,2020-04-24,1351,678,3127,731,25,24,3607,1596,105,2982,28,1026,438,207,1343,548,15071,1592,73,2518,4689,77,8773,44293,18,54,7,807,1421,22,54043,138,1234,629,144,11,88,122,1430,4017,1853,0,-1,263,118,256,5,-1,14550,26,22616,0,341,11,16,40,12306,991,593,579,355,139,1585,254,147,168,328,930,1276,1035,68128,1019,197,653,937,109,146,45,75,18,286,787,641,197,561,190,1,76,185,1268,4881,200,394,687,1077,2009,1285,804,7273,187,11,8210,712,999,16,5749,22719,4092,274,214,39,1605,36,117,18,4395,111,57,149,170,354,18,412,6,1,38,158636,172,10,444,154999,1279,2490,15,430,52,954,73,72,9,591,2443,1789,24530,8211,88194,1708,18184,15058,192994,288,12829,441,2482,336,10718,510,2614,665,19,784,696,117,61,81,1410,3695,9,122,33,5691,129,325,447,7,331,11633,3110,94,37,319,3758,65,16,49,100,5,16,73,36535,1461,11,681,1095,1326,7463,1790,11940,5338,8,223,21648,7192,10892,22797,8525,10417,68622,176,15,15,14,513,4,15102,545,6630,11,82,12075,1360,1373,328,4220,5,219764,420,174,10,17567,28677,42,428,299,2907,24,90,115,922,104912,75,7647,9281,3,99,5,70,523,13,133,308,11,11,143464,905358,563,1804,318,270,484,6,1,84,29
94,2020-04-25,1463,712,3256,738,25,24,3780,1677,106,2994,28,1026,438,207,1346,549,15148,1617,78,2588,4998,79,9590,45325,18,54,7,866,1486,22,59324,138,1247,629,146,11,90,122,1518,4233,1948,0,-1,267,118,257,5,-1,15012,26,23267,0,349,11,16,46,12858,991,593,579,355,139,1586,254,147,168,328,935,1276,1037,68128,1019,198,653,937,109,146,45,75,18,286,787,642,197,561,190,1,76,185,1268,5142,200,416,693,1077,2016,1337,810,7352,187,11,8445,712,1008,16,5926,22719,4319,274,258,39,1635,56,122,18,4475,111,57,149,175,380,18,417,6,1,38,160292,176,10,456,156513,1279,2506,18,473,52,996,73,72,9,627,2443,1790,26283,8607,89328,1763,18561,15298,195351,305,13231,444,2601,343,10728,510,2892,665,19,804,704,120,61,81,1426,3711,9,123,33,5742,177,370,448,7,331,13842,3304,94,37,320,3897,70,16,49,100,5,16,73,37190,1470,12,684,1182,1367,7499,1905,12723,5538,8,228,25331,7294,11273,23392,9358,10635,74588,183,15,15,14,513,4,16299,614,6630,11,82,12693,1373,1388,390,4361,5,223759,460,213,10,18177,28894,42,429,299,2907,24,96,115,939,107773,75,8125,9813,3,109,6,70,525,13,136,308,11,11,148377,938154,596,1862,323,270,342,6,1,84,31
