,date,Afghanistan_nan,Albania_nan,Algeria_nan,Andorra_nan,Angola_nan,Antigua and Barbuda_nan,Argentina_nan,Armenia_nan,Australia_Australian Capital Territory,Australia_New South Wales,Australia_Northern Territory,Australia_Queensland,Australia_South Australia,Australia_Tasmania,Australia_Victoria,Australia_Western Australia,Austria_nan,Azerbaijan_nan,Bahamas_nan,Bahrain_nan,Bangladesh_nan,Barbados_nan,Belarus_nan,Belgium_nan,Belize_nan,Benin_nan,Bhutan_nan,Bolivia_nan,Bosnia and Herzegovina_nan,Botswana_nan,Brazil_nan,Brunei_nan,Bulgaria_nan,Burkina Faso_nan,Burma_nan,Burundi_nan,Cabo Verde_nan,Cambodia_nan,Cameroon_nan,Canada_nan,Central African Republic_nan,Chad_nan,Chile_nan,China_Anhui,China_Beijing,China_Chongqing,China_Fujian,China_Gansu,China_Guangdong,China_Guangxi,China_Guizhou,China_Hainan,China_Hebei,China_Heilongjiang,China_Henan,China_Hong Kong,China_Hubei,China_Hunan,China_Inner Mongolia,China_Jiangsu,China_Jiangxi,China_Jilin,China_Liaoning,China_Macau,China_Ningxia,China_Qinghai,China_Shaanxi,China_Shandong,China_Shanghai,China_Shanxi,China_Sichuan,China_Tianjin,China_Tibet,China_Xinjiang,China_Yunnan,China_Zhejiang,Colombia_nan,Congo (Brazzaville)_nan,Congo (Kinshasa)_nan,Costa Rica_nan,Cote d'Ivoire_nan,Croatia_nan,Cuba_nan,Cyprus_nan,Czechia_nan,Denmark_Faroe Islands,Denmark_Greenland,Denmark_nan,Diamond Princess_nan,Djibouti_nan,Dominica_nan,Dominican Republic_nan,Ecuador_nan,Egypt_nan,El Salvador_nan,Equatorial Guinea_nan,Eritrea_nan,Estonia_nan,Eswatini_nan,Ethiopia_nan,Fiji_nan,Finland_nan,France_French Guiana,France_French Polynesia,France_Guadeloupe,France_Martinique,France_Mayotte,France_New Caledonia,France_Reunion,France_Saint Barthelemy,France_Saint Pierre and Miquelon,France_St Martin,France_nan,Gabon_nan,Gambia_nan,Georgia_nan,Germany_nan,Ghana_nan,Greece_nan,Grenada_nan,Guatemala_nan,Guinea-Bissau_nan,Guinea_nan,Guyana_nan,Haiti_nan,Holy See_nan,Honduras_nan,Hungary_nan,Iceland_nan,India_nan,Indonesia_nan,Iran_nan,Iraq_nan,Ireland_nan,Israel_nan,Italy_nan,Jamaica_nan,Japan_nan,Jordan_nan,Kazakhstan_nan,Kenya_nan,"Korea, South_nan",Kosovo_nan,Kuwait_nan,Kyrgyzstan_nan,Laos_nan,Latvia_nan,Lebanon_nan,Liberia_nan,Libya_nan,Liechtenstein_nan,Lithuania_nan,Luxembourg_nan,MS Zaandam_nan,Madagascar_nan,Malawi_nan,Malaysia_nan,Maldives_nan,Mali_nan,Malta_nan,Mauritania_nan,Mauritius_nan,Mexico_nan,Moldova_nan,Monaco_nan,Mongolia_nan,Montenegro_nan,Morocco_nan,Mozambique_nan,Namibia_nan,Nepal_nan,Netherlands_Aruba,"Netherlands_Bonaire, Sint Eustatius and Saba",Netherlands_Curacao,Netherlands_Sint Maarten,Netherlands_nan,New Zealand_nan,Nicaragua_nan,Niger_nan,Nigeria_nan,North Macedonia_nan,Norway_nan,Oman_nan,Pakistan_nan,Panama_nan,Papua New Guinea_nan,Paraguay_nan,Peru_nan,Philippines_nan,Poland_nan,Portugal_nan,Qatar_nan,Romania_nan,Russia_nan,Rwanda_nan,Saint Kitts and Nevis_nan,Saint Lucia_nan,Saint Vincent and the Grenadines_nan,San Marino_nan,Sao Tome and Principe_nan,Saudi Arabia_nan,Senegal_nan,Serbia_nan,Seychelles_nan,Sierra Leone_nan,Singapore_nan,Slovakia_nan,Slovenia_nan,Somalia_nan,South Africa_nan,South Sudan_nan,Spain_nan,Sri Lanka_nan,Sudan_nan,Suriname_nan,Sweden_nan,Switzerland_nan,Syria_nan,Taiwan*_nan,Tanzania_nan,Thailand_nan,Timor-Leste_nan,Togo_nan,Trinidad and Tobago_nan,Tunisia_nan,Turkey_nan,Uganda_nan,Ukraine_nan,United Arab Emirates_nan,United Kingdom_Anguilla,United Kingdom_Bermuda,United Kingdom_British Virgin Islands,United Kingdom_Cayman Islands,United Kingdom_Channel Islands,United Kingdom_Falkland Islands (Malvinas),United Kingdom_Gibraltar,United Kingdom_Isle of Man,United Kingdom_Montserrat,United Kingdom_Turks and Caicos Islands,United Kingdom_nan,United States_nan,Uruguay_nan,Uzbekistan_nan,Venezuela_nan,Vietnam_nan,West Bank and Gaza_nan,Western Sahara_nan,Yemen_nan,Zambia_nan,Zimbabwe_nan
0,2020-02-20,0,0,0,0,0,0,0,0,0,4,0,0,2,0,4,0,0,0,0,0,0,0,0,1,0,0,0,0,0,0,0,0,0,0,0,0,0,1,0,1,0,0,0,474,153,299,126,71,642,90,72,86,169,136,637,6,11788,634,16,356,433,43,59,6,44,16,118,254,199,76,217,59,1,22,79,633,0,0,0,0,0,0,0,0,0,0,0,0,1,0,0,0,0,0,0,0,0,0,0,0,0,1,0,0,0,0,0,0,0,0,0,0,4,0,0,0,12,0,0,0,0,0,0,0,0,0,0,0,0,3,0,0,0,0,0,0,0,18,0,0,0,16,0,0,0,0,0,0,0,0,0,0,0,0,0,0,15,0,0,0,0,0,0,0,0,0,0,0,0,0,1,0,0,0,0,0,0,0,0,0,0,0,0,0,0,0,0,0,1,0,0,0,0,2,0,0,0,0,0,0,0,0,0,0,0,34,0,0,0,0,0,2,1,0,0,0,0,0,2,0,15,0,0,0,0,0,0,0,4,0,0,0,0,0,0,0,0,0,0,8,3,0,0,0,7,0,0,0,0,0
1,2020-02-21,0,0,0,0,0,0,0,0,0,4,0,1,2,0,4,0,0,0,0,0,0,0,0,1,0,0,0,0,0,0,0,0,0,0,0,0,0,1,0,3,0,0,0,539,169,316,149,76,690,97,77,95,184,175,736,5,11881,661,17,373,489,45,61,6,48,18,134,281,211,78,231,62,1,24,96,679,0,0,0,0,0,0,0,0,0,0,0,0,1,0,0,0,0,0,0,0,0,0,0,0,0,1,0,0,0,0,0,0,0,0,0,0,4,0,0,0,14,0,0,0,0,0,0,0,0,0,0,0,0,3,0,0,0,0,0,0,0,22,0,0,0,16,0,0,0,0,0,0,0,0,0,0,0,0,0,0,15,0,0,0,0,0,0,0,0,0,0,0,0,0,1,0,0,0,0,0,0,0,0,0,0,0,0,0,0,0,0,0,1,0,0,0,0,2,0,0,0,0,0,0,0,0,0,0,0,37,0,0,0,0,0,2,1,0,0,0,0,0,2,0,17,0,0,0,0,0,0,0,4,0,0,0,0,0,0,0,0,0,0,8,5,0,0,0,14,0,0,0,0,0
2,2020-02-22,0,0,0,0,0,0,0,0,0,4,0,1,2,0,4,0,0,0,0,0,0,0,0,1,0,0,0,0,0,0,0,0,0,0,0,0,0,1,0,3,0,0,0,597,178,328,162,76,728,104,90,104,203,204,830,6,15299,692,26,401,555,52,66,6,48,18,149,302,227,81,250,65,1,25,107,719,0,0,0,0,0,0,0,0,0,0,0,0,1,0,0,0,0,0,0,0,0,0,0,0,0,1,0,0,0,0,0,0,0,0,0,0,4,0,0,0,14,0,0,0,0,0,0,0,0,0,0,0,0,3,0,0,0,0,0,1,0,22,0,0,0,16,0,0,0,0,0,0,0,0,0,0,0,0,0,0,15,0,0,0,0,0,0,0,0,0,0,0,0,0,1,0,0,0,0,0,0,0,0,0,0,0,0,0,0,0,0,0,1,0,0,0,0,2,0,0,0,0,0,0,0,0,0,0,0,37,0,0,0,0,0,2,1,0,0,0,0,0,2,0,17,0,0,0,0,0,0,0,4,0,0,0,0,0,0,0,0,0,0,8,5,0,0,0,14,0,0,0,0,0
3,2020-02-23,0,0,0,0,0,0,0,0,0,4,0,1,2,0,4,0,0,0,0,0,0,0,0,1,0,0,0,0,0,0,0,0,0,0,0,0,0,1,0,3,0,0,0,637,189,335,170,78,755,106,102,106,219,222,868,11,15343,714,27,418,613,54,73,6,56,18,163,321,249,88,261,81,1,28,115,760,0,0,0,0,0,0,0,0,0,0,0,0,0,0,0,0,0,0,0,0,0,0,0,0,0,1,0,0,0,0,0,0,0,0,0,0,4,0,0,0,14,0,0,0,0,0,0,0,0,0,0,0,0,3,0,0,0,0,0,2,0,22,0,0,0,18,0,0,0,0,0,0,0,0,0,0,0,0,0,0,15,0,0,0,0,0,0,0,0,0,0,0,0,0,1,0,0,0,0,0,0,0,0,0,0,0,0,0,0,0,0,0,1,0,0,0,0,2,0,0,0,0,0,0,0,0,0,0,0,51,0,0,0,0,0,2,1,0,0,0,0,0,2,0,21,0,0,0,0,0,0,0,4,0,0,0,0,0,0,0,0,0,0,8,5,0,0,0,14,0,0,0,0,0
4,2020-02-24,0,0,0,0,0,0,0,0,0,4,0,1,2,0,4,0,0,0,0,0,0,0,0,1,0,0,0,0,0,0,0,0,0,0,0,0,0,1,0,3,0,0,0,663,198,349,183,80,786,112,102,116,234,227,943,19,16748,731,34,452,645,60,80,6,58,18,173,343,261,94,276,87,1,30,124,782,0,0,0,0,0,0,0,0,0,0,0,0,0,0,0,0,0,0,0,0,0,0,0,0,0,1,0,0,0,0,0,0,0,0,0,0,4,0,0,0,14,0,0,0,0,0,0,0,0,0,0,0,0,3,0,0,0,0,0,1,0,22,0,0,0,18,0,0,0,0,0,0,0,0,0,0,0,0,0,0,18,0,0,0,0,0,0,0,0,0,0,0,0,0,1,0,0,0,0,0,0,0,0,0,0,0,0,0,0,0,0,0,1,0,0,0,0,2,0,0,0,0,0,0,0,0,0,0,0,51,0,0,0,0,0,2,1,0,0,0,0,0,5,0,21,0,0,0,0,0,0,0,4,0,0,0,0,0,0,0,0,0,0,8,5,0,0,0,14,0,0,0,0,0
5,2020-02-25,0,0,0,0,0,0,0,0,0,4,0,1,2,0,4,0,0,0,0,0,0,0,0,1,0,0,0,0,0,0,0,0,0,0,0,0,0,1,0,3,0,0,0,712,215,372,199,80,822,134,104,124,248,243,1002,19,18971,768,35,458,683,63,83,7,61,18,186,355,268,98,289,91,1,30,129,808,0,0,0,0,0,0,0,0,0,0,0,0,0,0,0,0,0,0,0,0,0,0,0,0,0,1,0,0,0,0,0,0,0,0,0,0,11,0,0,0,14,0,0,0,0,0,0,0,0,0,0,0,0,3,0,0,0,0,0,1,0,22,0,0,0,22,0,0,0,0,0,0,0,0,0,0,0,0,0,0,18,0,0,0,0,0,0,0,0,0,0,0,0,0,1,0,0,0,0,0,0,0,0,0,0,0,0,0,0,0,0,0,1,0,0,0,0,2,0,0,0,0,0,0,0,0,0,0,0,53,0,0,0,0,0,2,1,0,0,0,0,0,5,0,22,0,0,0,0,0,0,0,4,0,0,0,0,0,0,0,0,0,0,8,6,0,0,0,16,0,0,0,0,0
6,2020-02-26,0,0,0,0,0,0,0,0,0,4,0,1,2,0,4,0,0,0,0,0,0,0,0,1,0,0,0,0,0,0,0,0,0,0,0,0,0,1,0,3,0,0,0,744,235,384,218,81,851,147,104,129,261,249,1033,24,20969,783,38,478,719,65,88,7,65,18,192,377,272,104,307,96,1,34,144,867,0,0,0,0,0,0,0,0,0,0,0,0,10,0,0,0,0,0,0,0,0,0,0,0,0,1,0,0,0,0,0,0,0,0,0,0,11,0,0,0,15,0,0,0,0,0,0,0,0,0,0,0,0,3,0,49,0,0,0,3,0,22,0,0,0,22,0,0,0,0,0,0,0,0,0,0,0,0,0,0,18,0,0,0,0,0,0,0,0,0,0,0,0,0,1,0,0,0,0,0,0,0,0,0,0,0,0,0,0,0,0,0,1,0,0,0,0,2,0,0,0,0,0,0,0,0,0,0,0,62,0,0,0,0,0,2,1,0,0,0,0,0,5,0,22,0,0,0,0,0,0,0,4,0,0,0,0,0,0,0,0,0,0,8,6,0,0,0,16,0,0,0,0,0
7,2020-02-27,0,0,0,0,0,0,0,0,0,4,0,1,2,0,4,0,0,0,0,0,0,0,0,1,0,0,0,0,0,0,0,0,0,0,0,0,0,1,0,6,0,0,0,792,248,401,228,81,890,161,112,131,274,270,1068,24,23383,804,43,498,754,67,93,8,68,18,195,387,276,107,321,102,1,43,150,932,0,0,0,0,0,0,0,0,0,0,0,0,10,0,0,0,0,0,0,0,0,0,0,0,0,1,0,0,0,0,0,0,0,0,0,0,11,0,0,0,16,0,0,0,0,0,0,0,0,0,0,0,0,3,0,49,0,0,1,45,0,22,0,0,0,22,0,0,0,0,0,0,0,0,0,0,0,0,0,0,18,0,0,0,0,0,0,0,0,0,0,0,0,0,1,0,0,0,0,0,0,0,0,0,0,0,0,0,0,0,0,0,1,0,0,0,0,2,0,0,0,0,0,0,0,0,0,0,0,62,0,0,0,0,0,2,1,0,0,0,0,0,5,0,22,0,0,0,0,0,0,0,4,0,0,0,0,0,0,0,0,0,0,8,6,0,0,0,16,0,0,0,0,0
8,2020-02-28,0,0,0,0,0,0,0,0,0,4,0,1,2,0,4,0,0,0,0,0,0,0,0,1,0,0,0,0,0,0,0,0,0,0,0,0,0,1,0,6,0,0,0,821,257,422,235,82,935,168,112,133,277,283,1112,30,26403,830,45,515,790,73,93,8,68,18,199,405,279,112,338,102,1,52,156,975,0,0,0,0,0,0,0,0,0,0,0,0,10,0,0,0,0,1,0,0,0,0,0,0,0,1,0,0,0,0,0,0,0,0,0,0,11,0,0,0,16,0,0,0,0,0,0,0,0,0,0,0,0,3,0,73,0,0,1,46,0,22,0,0,0,22,0,0,0,0,0,0,0,0,0,0,0,0,0,0,18,0,0,0,0,0,0,0,0,0,0,0,0,0,1,0,0,0,0,0,0,0,0,0,0,0,0,0,0,0,0,0,1,0,0,0,0,2,0,0,0,0,0,0,0,0,0,0,0,62,0,0,0,0,0,2,1,0,0,0,0,0,6,0,28,0,0,0,0,0,0,0,5,0,0,0,0,0,0,0,0,0,0,8,7,0,0,0,16,0,0,0,0,0
9,2020-02-29,0,0,0,0,0,0,0,0,0,4,0,1,2,0,4,0,0,0,0,0,0,0,0,1,0,0,0,0,0,0,0,0,0,0,0,0,0,1,0,6,0,0,0,868,271,438,243,82,983,176,112,148,282,301,1170,33,28993,846,49,523,811,75,96,8,69,18,207,421,287,114,351,109,1,62,157,1016,0,0,0,0,0,0,0,0,0,0,0,0,10,0,0,0,0,1,0,0,0,0,0,0,0,1,0,0,0,0,0,0,0,0,0,0,12,0,0,0,16,0,0,0,0,0,0,0,0,0,0,0,0,3,0,123,0,0,1,46,0,32,0,0,0,27,0,0,0,0,0,0,0,0,0,0,0,0,0,0,18,0,0,0,0,0,0,0,0,0,0,0,0,0,1,0,0,0,0,0,0,0,0,0,0,0,1,0,0,0,0,0,1,0,0,0,0,2,0,0,0,0,0,0,0,0,0,0,0,72,0,0,0,0,0,2,1,0,0,0,0,0,9,0,28,0,0,0,0,0,0,0,5,0,0,0,0,0,0,0,0,0,0,8,7,0,0,0,16,0,0,0,0,0
10,2020-03-01,0,0,0,0,0,0,0,0,0,4,0,1,2,0,4,0,0,0,0,0,0,0,0,1,0,0,0,0,0,0,0,0,0,0,0,0,0,1,0,6,0,0,0,873,276,450,247,84,1016,181,112,149,294,342,1198,36,31536,866,52,536,831,78,103,8,69,18,208,443,290,116,365,111,1,64,163,1046,0,0,0,0,0,0,0,0,0,0,0,0,10,0,0,0,0,1,0,0,0,0,0,0,0,1,0,0,0,0,0,0,0,0,0,0,12,0,0,0,16,0,0,0,0,0,0,0,0,0,0,0,0,3,0,175,0,0,1,83,0,32,0,0,0,30,0,0,0,0,0,0,0,0,0,0,0,0,0,0,18,0,0,0,0,0,0,0,0,0,0,0,0,0,1,0,0,0,0,0,0,0,0,0,0,0,1,0,0,0,0,0,1,0,0,0,0,2,0,0,0,0,0,0,0,0,0,0,0,72,0,0,0,0,0,2,1,0,0,0,0,0,9,0,28,0,0,0,0,0,0,0,5,0,0,0,0,0,0,0,0,0,0,8,7,0,0,0,16,0,0,0,0,0
11,2020-03-02,0,0,0,0,0,0,0,0,0,4,0,1,2,0,4,0,0,0,0,0,0,0,0,1,0,0,0,0,0,0,0,0,0,0,0,0,0,1,0,6,0,0,0,917,282,469,255,85,1059,192,114,151,296,356,1205,36,33934,887,54,543,850,83,103,8,69,18,216,460,292,119,386,111,1,66,168,1069,0,0,0,0,0,0,0,0,0,0,0,0,10,0,0,0,0,1,0,0,0,0,0,0,0,1,0,0,0,0,0,0,0,0,0,0,12,0,0,0,16,0,0,0,0,0,0,0,0,0,0,0,0,3,0,291,0,0,1,149,0,32,0,0,0,30,0,0,0,0,0,0,0,0,0,0,0,0,0,0,18,0,0,0,0,0,0,0,0,0,0,0,0,0,1,0,0,0,0,0,0,0,0,0,0,0,1,0,0,0,0,0,1,0,0,0,0,2,0,0,0,0,0,0,0,0,0,0,0,78,0,0,0,0,0,2,1,0,0,0,0,0,12,0,31,0,0,0,0,0,0,0,5,0,0,0,0,0,0,0,0,0,0,8,7,0,0,0,16,0,0,0,0,0
12,2020-03-03,0,0,0,0,0,0,0,0,0,4,0,1,2,0,4,0,0,0,0,0,0,0,0,1,0,0,0,0,0,0,0,0,0,0,0,0,0,1,0,6,0,0,0,936,288,490,260,86,1101,202,114,155,300,366,1231,37,36208,906,59,562,870,83,106,9,69,18,216,511,294,124,394,124,1,68,169,1093,0,0,0,0,0,0,0,0,0,0,0,0,10,0,0,0,0,1,0,0,0,0,0,0,0,1,0,0,0,0,0,0,0,0,0,0,12,0,0,0,16,0,0,0,0,0,0,0,0,0,0,0,0,3,0,291,0,0,1,160,0,43,0,0,0,30,0,0,0,0,0,0,0,0,0,0,0,0,0,0,22,0,0,0,0,0,1,0,0,0,0,0,0,0,1,0,0,0,0,0,0,0,0,0,0,0,2,0,0,0,0,0,1,0,0,0,0,2,0,0,0,0,0,0,0,0,0,0,0,78,0,0,0,0,0,2,1,0,0,0,2,0,12,0,31,0,0,0,0,0,0,0,5,0,0,0,0,0,0,0,0,0,0,8,7,0,0,0,16,0,0,0,0,0
13,2020-03-04,0,0,0,0,0,0,0,0,0,4,0,1,2,0,4,0,0,0,0,0,0,0,0,1,0,0,0,0,0,0,0,0,0,0,0,0,0,1,0,6,0,0,0,956,297,502,270,87,1133,210,114,158,301,373,1234,37,38557,916,63,577,884,86,106,9,69,18,223,516,298,124,406,124,1,69,169,1114,0,0,0,0,0,0,0,0,0,0,0,0,10,0,0,0,0,1,0,0,0,0,0,0,0,1,0,0,0,0,0,0,0,0,0,0,12,0,0,0,16,0,0,0,0,0,0,0,0,0,0,0,0,3,0,552,0,0,1,276,0,43,0,0,0,41,0,0,0,0,0,1,0,0,0,0,0,0,0,0,22,0,0,0,0,0,1,0,0,0,0,0,0,0,1,0,0,0,0,0,0,0,0,0,0,0,2,0,0,0,0,0,1,0,0,0,1,2,0,0,0,0,0,0,0,0,0,0,0,78,0,0,0,0,0,2,1,0,0,0,3,0,12,0,31,0,0,0,0,0,0,0,5,0,0,0,0,0,0,0,0,0,0,8,7,0,0,0,16,0,0,0,0,0
14,2020-03-05,0,0,0,0,0,0,0,0,0,4,0,8,2,0,7,0,0,0,0,0,0,0,0,1,0,0,0,0,0,0,0,0,0,0,0,0,0,1,0,6,0,0,0,970,297,512,277,87,1181,214,114,158,304,379,1239,43,40592,938,65,583,901,88,106,9,69,18,224,578,303,126,425,128,1,70,169,1124,0,0,0,0,0,0,0,0,0,0,0,0,10,0,0,0,0,1,0,0,0,0,0,0,0,1,0,0,0,0,0,0,0,0,0,0,12,0,0,0,16,0,0,0,0,0,0,0,0,0,0,0,0,3,0,739,0,0,1,414,0,43,0,0,0,41,0,0,0,0,0,1,0,0,0,0,0,0,0,0,22,0,0,0,0,0,1,0,0,0,0,0,0,0,1,0,0,0,0,0,0,0,0,0,0,0,2,0,0,0,0,0,1,0,0,0,1,2,0,0,0,0,0,0,0,0,0,0,0,78,0,0,0,0,0,2,1,0,0,0,3,0,12,0,31,0,0,0,0,0,0,0,5,0,0,0,0,0,0,0,0,0,0,8,7,0,0,0,16,0,0,0,0,0
15,2020-03-06,0,0,0,0,0,0,0,0,0,4,0,8,2,0,7,0,0,0,0,4,0,0,0,1,0,0,0,0,0,0,0,0,0,0,0,0,0,1,0,6,0,0,0,979,299,513,284,87,1216,217,114,158,305,396,1244,46,42033,955,65,594,909,90,106,10,71,18,226,618,306,126,442,128,1,71,170,1147,0,0,0,0,0,0,0,0,0,0,0,1,40,0,0,0,0,1,0,0,0,0,0,0,0,1,0,0,0,0,0,0,0,0,0,0,12,0,0,0,17,0,0,0,0,0,0,0,0,0,0,0,0,3,0,913,0,0,2,523,0,46,0,0,0,135,0,0,0,0,0,1,0,0,0,0,0,0,0,0,22,0,0,0,0,0,1,0,0,0,0,0,0,0,1,0,0,0,0,0,0,0,0,0,0,0,2,0,0,0,0,0,1,0,0,0,1,2,0,0,0,0,0,0,0,0,0,0,0,78,0,0,0,0,0,2,1,0,0,0,3,0,12,0,31,0,0,0,0,0,0,0,5,0,0,0,0,0,0,0,0,0,0,8,7,0,0,0,16,0,0,0,0,0
16,2020-03-07,0,0,0,0,0,0,0,0,0,4,0,8,2,0,7,0,0,0,0,4,0,0,0,1,0,0,0,0,0,0,0,0,0,0,0,0,0,1,0,8,0,0,0,979,303,526,295,87,1237,218,115,158,307,403,1244,51,43500,960,67,606,916,90,107,10,71,18,226,627,313,126,454,128,1,72,170,1154,0,0,0,0,0,0,0,0,0,0,0,1,40,0,0,0,0,1,0,0,0,0,0,0,0,1,0,0,0,0,0,0,0,0,0,0,12,0,0,0,18,0,0,0,0,0,0,0,0,0,0,0,0,3,0,1669,0,0,2,589,0,76,0,0,0,135,0,0,0,0,0,1,0,0,0,0,0,0,0,0,23,0,0,0,0,0,1,0,0,0,0,0,0,0,1,0,0,0,0,0,0,0,0,0,0,0,2,0,0,0,0,0,1,0,0,0,3,2,0,0,0,0,0,0,0,0,0,0,0,78,0,0,0,0,0,30,1,0,0,0,3,0,12,0,31,0,0,0,0,0,0,0,7,0,0,0,0,0,0,0,0,0,0,18,7,0,0,0,16,0,0,0,0,0
17,2020-03-08,0,0,0,0,0,0,0,0,0,4,0,8,2,0,7,0,0,0,0,4,0,0,0,1,0,0,0,0,0,0,0,0,0,0,0,0,0,1,0,8,0,0,0,984,308,527,295,87,1256,223,117,159,307,412,1247,58,45235,968,70,612,919,90,109,10,71,18,227,642,314,126,464,128,1,73,170,1161,0,0,0,0,0,0,0,0,0,0,0,1,40,0,0,0,0,1,0,0,0,0,0,0,0,1,0,0,0,0,0,0,0,0,0,0,12,0,0,0,18,0,0,0,0,0,0,0,0,0,0,0,0,3,0,2134,0,0,2,622,0,76,0,0,0,118,0,1,0,0,0,1,0,0,0,0,0,0,0,0,24,0,0,0,0,0,1,0,0,0,0,0,0,0,1,0,0,0,0,0,0,0,0,0,0,0,2,1,0,0,0,0,1,0,0,0,3,3,0,0,0,0,0,0,0,1,0,0,0,78,0,0,0,0,0,30,1,0,0,0,3,0,13,0,31,0,0,0,0,0,0,0,7,0,0,0,0,0,0,0,0,0,0,18,7,0,0,0,16,0,0,0,0,0
18,2020-03-09,0,0,0,0,0,0,0,0,0,4,0,8,2,0,7,0,2,0,0,14,0,0,1,1,0,0,0,0,0,0,0,0,0,0,0,0,0,1,0,8,0,0,0,984,315,542,295,88,1260,230,123,159,307,430,1247,59,46488,979,70,621,923,91,109,10,71,18,227,700,315,127,466,130,1,73,170,1176,0,0,0,0,0,0,0,0,0,0,0,1,40,0,0,0,0,1,0,0,0,0,0,0,0,1,0,0,0,0,0,0,0,0,0,0,12,0,0,0,18,0,0,0,0,0,0,0,0,0,0,0,0,3,0,2394,3,0,2,724,0,76,0,0,0,118,0,1,0,0,0,1,0,0,0,0,0,0,0,0,24,0,0,0,0,0,1,0,0,0,0,0,0,0,1,0,0,0,0,0,0,0,0,0,0,1,2,1,0,0,0,0,1,0,0,0,3,3,0,0,0,0,0,0,0,1,0,0,0,78,0,0,0,0,0,32,1,0,0,1,3,0,15,0,31,0,0,0,0,0,0,0,7,0,0,0,0,0,0,0,0,0,0,18,7,0,0,0,16,0,0,0,0,0
19,2020-03-10,0,0,0,0,0,0,0,0,0,4,0,8,2,0,7,0,4,0,0,22,0,0,3,1,0,0,0,0,0,0,0,0,0,0,0,0,0,1,0,8,0,0,0,984,320,547,295,88,1274,234,129,159,307,434,1247,65,47743,990,70,627,927,91,111,10,71,18,227,719,319,131,478,131,1,73,170,1191,0,0,0,0,0,0,0,0,0,0,0,1,40,0,0,0,0,1,0,0,0,0,0,0,0,1,0,0,0,0,0,0,0,0,0,0,12,0,0,0,18,0,0,0,0,0,0,0,0,0,0,0,1,4,2,2731,3,0,4,724,0,101,0,0,0,247,0,1,0,0,1,1,0,0,0,0,0,0,0,0,24,0,0,0,0,0,4,0,0,0,0,0,0,0,1,0,0,0,0,0,0,0,0,0,0,1,9,1,0,0,0,0,2,0,0,0,3,3,0,0,0,0,0,0,1,1,0,0,0,78,0,0,0,0,0,32,1,0,0,1,3,0,17,0,33,0,0,0,0,0,0,0,12,0,0,0,0,0,0,1,0,0,0,18,8,0,0,0,16,0,0,0,0,0
20,2020-03-11,0,0,0,0,0,0,0,0,0,4,0,8,2,0,7,0,4,3,0,35,0,0,3,1,0,0,0,0,0,0,0,0,0,0,0,0,0,1,0,8,0,0,0,984,326,554,295,88,1282,238,133,159,307,436,1249,65,49134,995,71,627,932,91,111,10,72,18,232,726,320,131,488,131,1,73,170,1195,0,0,0,0,0,0,0,0,0,0,0,1,325,0,0,0,0,27,0,0,0,0,0,0,0,1,0,0,0,0,0,0,0,0,0,0,12,0,0,0,25,0,0,0,0,0,0,0,0,0,0,0,1,4,2,2959,15,0,4,1045,0,118,0,0,0,288,0,2,0,0,1,1,0,0,0,0,0,0,0,0,26,0,0,0,0,0,4,0,0,0,0,0,0,0,1,0,0,0,0,0,0,0,0,0,0,1,9,2,0,0,0,0,2,0,0,0,6,3,0,0,0,0,0,0,1,1,0,0,0,96,0,0,0,0,0,183,1,0,0,1,4,0,17,0,34,0,0,0,0,0,0,0,17,0,0,0,0,0,0,1,0,0,0,18,8,0,0,0,16,0,0,0,0,0
21,2020-03-12,0,0,8,1,0,0,0,0,0,4,0,8,2,0,7,0,4,3,0,35,0,0,3,1,0,0,0,0,0,0,0,0,0,0,0,0,0,1,0,8,0,0,0,984,334,564,295,88,1289,241,137,160,308,441,1249,67,50318,999,71,629,934,91,112,10,72,18,232,734,321,132,498,132,1,73,170,1197,0,0,0,0,0,0,0,0,0,0,0,1,325,0,0,0,0,27,0,0,0,0,0,0,0,1,0,0,0,0,0,0,0,0,0,0,12,0,0,0,25,0,0,0,0,0,0,0,0,0,0,0,1,4,2,2959,15,0,4,1045,0,118,0,0,0,333,0,5,0,0,1,1,0,0,0,0,0,0,0,0,26,0,0,0,0,0,4,0,0,0,0,0,0,0,1,0,0,0,0,0,0,0,0,0,0,1,9,2,0,0,0,0,2,0,0,0,6,3,0,0,0,0,0,0,1,1,0,0,0,96,0,0,0,0,0,183,1,0,0,1,4,0,20,0,34,0,0,0,0,0,0,0,17,0,0,0,0,0,0,1,0,0,0,18,12,0,0,0,16,0,0,0,0,0
22,2020-03-13,0,0,8,0,0,0,0,0,0,4,0,8,3,0,8,0,6,3,0,44,0,0,3,1,0,0,0,0,0,0,0,0,0,0,0,0,0,1,0,8,0,0,0,984,342,566,295,88,1296,243,140,160,310,446,1249,77,51553,1005,71,630,934,91,112,10,72,18,232,739,324,133,503,132,1,73,170,1197,0,0,0,0,0,1,0,0,0,0,0,1,325,0,0,0,0,27,0,0,0,0,0,0,0,1,0,0,0,0,0,0,0,0,0,0,12,0,0,0,46,0,0,0,0,0,0,0,0,0,0,0,1,4,2,2959,24,0,4,1439,0,118,1,0,0,510,0,5,0,0,1,1,0,0,0,0,0,0,0,0,26,0,0,1,0,0,4,0,0,0,0,1,0,0,1,0,0,0,0,0,0,0,0,0,1,1,9,2,0,0,0,0,2,0,1,0,7,3,0,0,0,0,0,0,1,1,0,0,0,97,0,0,0,0,0,193,1,0,0,1,4,0,20,0,35,0,0,0,0,0,0,0,17,0,0,0,0,0,0,1,0,0,0,18,12,0,0,0,16,0,0,0,0,0
23,2020-03-14,0,0,12,1,0,0,1,0,0,4,0,8,3,0,8,0,6,3,0,44,0,0,3,1,0,0,0,0,0,0,0,0,0,0,0,0,0,1,0,8,0,0,0,984,349,569,295,89,1299,243,143,160,310,447,1250,78,52960,1014,71,630,934,91,113,10,73,18,232,741,324,133,511,132,1,73,172,1211,0,0,0,0,0,1,0,0,0,0,0,1,325,0,0,0,0,27,0,0,0,0,0,0,0,1,0,0,0,0,0,0,0,0,0,0,12,0,0,0,46,0,8,0,0,0,0,0,0,0,0,1,1,4,8,2959,26,0,4,1966,0,118,1,0,0,510,0,5,0,0,1,1,0,0,0,0,0,0,0,0,35,0,0,1,0,0,4,0,0,0,0,1,0,0,1,0,0,0,0,2,0,0,0,0,1,1,9,2,0,0,0,0,2,0,2,4,9,8,0,0,0,0,4,0,1,1,0,0,0,105,0,0,0,0,0,517,1,0,0,1,4,0,20,0,35,0,0,0,0,0,0,0,17,0,0,0,0,0,0,1,0,0,0,18,12,0,0,0,16,0,0,0,0,0
24,2020-03-15,0,0,12,1,0,0,1,0,0,4,0,8,3,0,8,0,6,6,0,60,0,0,3,1,0,0,0,0,0,0,0,0,0,0,0,0,0,1,0,8,0,0,0,984,353,570,295,91,1304,243,143,160,310,453,1250,81,54288,1014,71,631,934,91,114,10,73,18,232,741,324,133,516,133,1,73,172,1211,0,0,0,0,0,1,0,0,0,0,0,1,325,0,0,0,0,21,0,0,0,1,0,0,0,10,0,0,0,0,0,0,0,0,0,0,12,0,0,0,46,0,8,0,0,0,0,0,0,0,0,1,8,13,8,4590,26,0,4,2335,0,118,1,0,0,510,0,5,0,0,1,1,0,0,0,1,0,0,0,0,42,0,0,1,0,0,4,0,0,0,0,1,0,0,1,0,0,0,0,2,0,0,0,0,1,1,9,2,0,0,0,0,2,0,2,4,9,8,0,0,0,0,4,0,1,1,0,0,0,105,0,0,0,0,0,517,1,0,0,1,4,0,20,0,35,0,0,0,0,0,0,0,23,0,0,0,0,0,0,1,0,0,0,18,12,0,0,0,16,0,0,0,0,0
25,2020-03-16,1,0,12,1,0,0,1,0,0,4,0,8,3,0,8,0,6,6,0,77,2,0,3,1,0,0,0,0,0,0,1,0,0,0,0,0,0,1,0,9,0,0,0,984,360,570,295,91,1306,248,144,161,310,455,1250,84,55142,1014,73,631,934,92,115,10,75,18,233,746,325,133,516,133,1,73,172,1216,0,0,0,0,0,2,0,0,3,0,0,1,325,0,0,0,0,27,0,0,0,1,0,0,0,10,0,0,0,0,0,0,0,0,0,0,12,0,0,1,67,0,8,0,0,0,0,0,0,0,0,1,0,13,8,4590,26,0,4,2749,2,144,1,0,0,1137,0,9,0,0,1,1,0,0,0,1,0,0,0,0,42,0,0,2,0,0,4,0,0,0,0,1,0,0,1,0,0,0,0,2,0,0,0,0,1,1,9,2,0,0,0,0,2,13,3,4,9,8,0,0,0,0,4,0,2,2,1,0,0,109,0,0,0,0,0,530,1,0,0,1,4,0,20,0,35,0,0,0,0,0,0,0,23,0,0,0,0,0,0,1,0,0,0,20,17,0,0,0,16,0,0,0,0,0
26,2020-03-17,1,0,12,1,0,0,3,1,0,4,0,8,3,0,8,0,1,6,0,81,3,0,3,1,0,0,0,0,2,0,2,0,0,0,0,0,0,1,0,9,0,0,0,984,369,570,295,91,1307,248,144,161,310,456,1250,88,56003,1014,73,631,934,92,120,10,75,18,236,746,325,133,520,133,1,73,172,1216,1,0,0,0,1,4,0,0,3,0,0,1,325,0,0,0,0,32,0,0,0,1,0,0,0,10,0,0,0,0,0,0,0,0,0,0,12,0,0,1,67,0,8,0,0,0,0,0,0,0,0,2,0,14,8,5389,32,5,11,2941,2,144,1,0,0,1407,0,9,0,0,1,3,0,0,0,1,0,0,0,0,49,0,0,2,0,0,4,1,0,0,0,1,0,0,1,0,0,0,0,2,0,0,0,0,1,1,9,2,0,0,0,1,5,13,3,4,16,8,0,0,0,0,4,0,6,2,1,0,0,114,0,0,0,0,0,1028,1,0,0,1,4,0,22,0,41,0,0,0,0,0,0,0,23,0,0,0,0,0,0,1,0,0,0,52,17,0,0,0,16,0,0,0,0,0
27,2020-03-18,1,0,12,1,0,0,3,1,0,4,0,8,3,0,8,0,9,6,0,88,3,0,5,31,0,0,0,0,2,0,2,0,0,0,0,0,0,1,0,9,0,0,0,984,378,570,295,91,1313,250,144,161,310,459,1250,92,56927,1014,73,631,934,92,122,10,75,18,237,746,326,133,525,133,1,73,172,1216,1,0,0,0,1,4,0,0,3,0,0,1,325,0,0,0,0,32,0,0,0,1,0,0,0,10,0,0,0,0,0,0,0,0,0,0,12,0,0,1,105,0,8,0,0,0,0,0,0,0,0,2,5,14,11,5389,43,5,11,4025,2,144,1,0,0,1540,0,15,0,0,1,3,0,0,0,1,0,0,0,0,60,0,0,2,0,0,4,1,0,0,0,1,0,0,1,0,0,0,0,2,0,0,0,1,1,1,12,2,0,0,0,1,5,13,3,4,19,8,0,0,0,0,4,0,6,2,1,0,0,114,0,0,0,0,0,1081,1,0,0,1,15,0,22,0,42,0,0,0,0,0,0,0,26,0,0,0,0,0,0,2,0,0,0,65,105,0,0,0,16,0,0,0,0,0
28,2020-03-19,1,0,32,1,0,0,3,1,0,4,0,8,3,3,8,0,9,6,0,100,3,0,5,31,0,0,0,0,2,0,2,0,0,0,0,0,0,1,0,9,0,0,0,984,380,570,295,91,1318,250,144,161,310,460,1250,95,57682,1014,74,631,934,92,122,10,75,18,237,747,326,133,536,133,1,73,172,1217,1,0,0,0,1,5,0,0,3,0,0,1,325,0,0,0,0,32,0,0,0,1,0,0,0,10,0,0,0,0,0,0,0,0,0,0,12,0,0,1,113,0,8,0,0,0,0,0,0,0,0,2,5,15,11,5710,43,5,11,4440,2,150,1,0,0,1540,0,18,0,0,1,4,0,0,0,1,0,0,0,0,75,0,0,2,0,0,4,1,0,0,0,1,0,0,1,0,0,0,0,2,0,0,0,1,1,1,12,13,0,0,0,1,8,1,3,4,25,9,0,0,0,0,4,0,6,2,1,0,0,114,0,0,0,0,0,1107,3,0,0,16,15,0,26,0,42,0,0,0,0,0,0,0,31,0,0,0,0,0,0,2,0,0,0,65,121,0,0,0,16,0,0,0,0,0
29,2020-03-20,1,0,32,1,0,0,3,1,0,4,0,8,3,3,8,0,9,6,0,100,3,0,5,1,0,0,0,0,2,0,2,1,0,0,0,0,0,1,0,9,0,0,6,984,390,570,295,98,1323,250,144,161,310,463,1250,98,58382,1014,74,631,934,92,122,10,75,18,237,748,326,133,536,133,1,73,172,1219,1,0,0,0,1,5,0,0,4,0,0,1,325,0,0,0,0,39,0,0,0,1,0,0,0,10,0,0,0,0,0,0,0,0,0,0,12,0,0,1,180,0,19,0,0,0,0,0,0,0,0,2,5,20,15,6745,49,5,14,4440,2,191,1,0,0,1540,0,18,0,0,1,4,0,0,0,1,0,0,0,0,87,0,0,2,0,0,4,1,0,0,0,1,0,0,1,0,0,0,0,2,0,0,0,1,1,1,12,13,0,0,0,1,8,1,5,10,25,9,0,0,0,0,4,0,8,2,1,0,0,124,0,0,0,0,0,1588,3,0,0,16,15,0,26,0,42,0,1,0,0,0,0,0,31,0,0,0,0,0,0,2,0,0,0,65,147,0,0,0,16,17,0,0,0,0
30,2020-03-21,1,2,32,1,0,0,3,1,0,4,0,8,3,3,8,0,9,11,0,125,3,0,15,263,0,0,0,0,2,0,2,2,3,5,0,0,0,1,0,10,0,0,6,984,396,570,295,113,1325,250,144,161,310,463,1250,98,58946,1014,74,631,934,92,122,10,75,18,239,749,327,133,536,133,1,73,172,1219,1,0,0,2,1,5,0,0,6,0,0,1,325,0,0,0,3,41,0,0,0,1,0,0,0,10,0,0,0,0,0,0,0,0,0,0,12,0,0,1,233,0,19,0,0,0,0,0,0,0,0,7,22,23,15,7635,51,5,36,6072,2,232,1,0,0,1540,0,27,0,0,1,4,0,0,0,1,0,0,0,0,114,0,0,2,0,0,4,1,0,0,0,3,0,0,1,0,0,0,0,2,0,0,0,1,1,1,12,13,0,0,0,1,13,1,5,27,52,12,0,0,0,0,4,0,16,5,1,0,0,140,0,0,0,0,0,2125,1,0,0,16,15,0,28,0,42,0,1,1,0,0,0,1,38,0,0,0,0,0,0,2,0,0,0,65,176,0,0,0,17,17,0,0,0,0
31,2020-03-22,1,2,65,1,0,0,3,2,0,4,0,8,3,3,70,0,9,10,0,149,3,0,15,263,0,0,0,0,2,0,2,2,3,5,0,0,0,1,0,10,0,0,8,984,400,570,295,114,1329,250,144,161,310,466,1250,100,59433,1014,74,631,934,92,124,10,75,18,239,750,328,133,536,133,1,73,172,1219,3,0,0,2,1,5,0,3,6,0,0,1,325,0,0,0,3,56,0,0,0,2,0,4,0,10,6,0,0,0,0,0,0,0,0,0,2200,0,0,3,266,0,19,0,0,0,0,0,0,0,0,16,36,27,29,7931,57,5,37,7024,2,235,1,0,0,2909,0,27,0,0,1,8,0,0,0,1,6,0,0,0,139,0,0,2,0,0,4,1,1,0,0,3,0,0,1,0,0,0,0,2,0,0,0,2,1,1,17,5,0,0,0,1,17,1,5,33,64,16,0,0,0,0,4,0,16,5,1,0,0,144,7,0,0,0,0,2575,3,0,0,16,131,0,28,0,44,0,1,1,1,0,0,1,38,0,0,0,0,0,0,2,0,0,0,65,178,0,0,15,17,17,0,0,0,0
32,2020-03-23,1,2,65,1,0,0,3,2,0,4,0,8,3,3,70,0,9,10,0,149,3,0,15,263,0,0,0,0,2,0,2,2,3,5,0,0,0,1,0,10,0,0,8,984,400,570,295,114,1332,250,144,161,310,465,1250,100,59879,1014,74,631,934,92,124,10,75,18,239,751,329,133,536,133,1,73,172,1221,3,0,0,2,1,5,0,3,6,0,0,1,325,0,0,0,3,56,0,0,0,2,0,4,0,10,6,0,0,0,0,0,0,0,0,0,2200,0,0,3,266,0,19,0,0,0,0,0,0,0,0,16,36,27,29,7931,57,5,37,7024,2,235,1,0,0,2909,0,27,0,0,1,8,0,0,0,1,6,0,0,0,139,0,0,2,0,0,4,1,1,0,0,3,0,0,1,0,0,0,0,2,0,0,0,2,1,1,17,5,0,0,0,1,17,1,5,33,64,16,0,0,0,0,4,0,16,5,1,0,0,144,7,0,0,0,0,2575,3,0,0,16,131,0,28,0,44,0,1,1,1,0,0,1,38,0,0,0,0,0,0,2,0,0,0,65,178,0,0,15,17,17,0,0,0,0
33,2020-03-24,1,10,24,1,0,0,52,14,0,4,0,8,3,3,97,0,9,10,1,177,5,0,22,461,0,0,0,0,2,0,2,2,3,7,0,0,0,4,0,110,0,0,17,984,401,570,295,119,1333,250,144,168,310,468,1250,101,60324,1014,74,631,934,92,124,10,75,18,240,752,330,133,536,133,1,73,172,1221,6,0,0,2,2,5,1,3,10,33,2,1,325,0,0,3,3,80,0,0,0,7,0,0,0,10,6,0,0,0,0,0,1,0,0,0,3243,0,0,9,3243,0,29,0,0,0,0,0,0,0,0,21,51,40,30,8913,75,5,53,8326,2,285,1,0,0,3507,0,39,0,0,1,8,0,0,0,1,6,0,0,0,183,5,0,2,0,0,4,2,1,0,0,6,0,2,1,1,0,0,0,2,12,0,0,2,1,6,17,18,1,0,0,1,20,1,22,41,79,22,0,0,0,0,4,0,28,8,15,0,0,156,7,0,0,4,0,3794,2,0,0,16,131,0,29,0,52,0,1,0,1,0,0,1,45,0,0,0,0,0,0,5,0,0,0,135,348,0,0,15,17,17,0,0,0,0
34,2020-03-25,2,17,65,1,0,0,52,16,0,4,0,8,6,3,97,1,9,10,1,177,7,0,29,547,0,0,0,0,2,0,2,2,4,10,0,0,0,10,2,183,0,0,22,984,403,570,295,119,1336,250,144,168,310,468,1250,102,60811,1014,74,631,934,92,124,10,75,18,240,752,330,133,536,133,1,73,172,1221,8,0,0,2,3,22,1,3,10,38,2,1,587,0,0,3,3,95,0,0,0,8,0,0,0,10,6,0,0,0,0,0,1,0,0,0,3900,0,0,10,3547,0,36,0,4,0,0,0,0,0,0,21,56,43,31,9625,103,5,58,9362,2,310,1,0,1,3730,0,43,0,0,1,20,0,0,0,1,6,0,0,0,199,8,0,2,0,0,4,2,1,0,0,7,0,2,1,1,0,0,0,3,22,0,0,2,1,6,17,21,1,0,0,1,26,7,22,41,86,29,0,0,0,0,4,0,29,9,15,0,0,160,7,10,0,12,0,5367,3,0,0,16,131,0,29,0,70,0,1,0,2,26,0,1,52,0,0,0,0,0,0,5,0,0,0,135,361,0,0,15,17,17,0,0,0,0
35,2020-03-26,2,17,29,1,0,0,63,18,1,4,0,8,6,3,149,1,112,15,1,204,11,0,29,675,0,0,0,0,2,0,6,5,8,10,0,0,0,10,2,184,0,0,22,984,406,570,295,121,1336,250,144,168,310,469,1250,110,61201,1014,74,631,934,92,124,10,75,18,242,752,331,133,536,133,1,73,172,1222,8,0,0,2,3,22,1,4,10,47,2,1,597,0,0,3,3,102,0,0,0,8,0,0,0,10,6,0,0,0,0,0,1,0,0,0,4948,0,0,11,5673,1,36,0,4,0,0,0,0,0,0,28,82,45,35,10457,105,5,68,10361,2,359,1,2,1,4144,0,49,0,0,1,23,0,0,0,1,6,0,0,0,215,8,0,2,0,0,4,2,1,0,0,8,0,2,1,1,0,2,0,3,27,0,0,2,3,6,23,21,2,0,0,14,28,7,43,43,94,38,0,0,0,0,4,0,33,9,0,0,0,172,2,10,0,12,0,7015,7,0,0,16,131,0,29,0,88,0,1,0,2,26,0,1,52,0,2,0,0,0,0,13,0,0,0,135,681,0,0,15,20,17,0,0,0,0
36,2020-03-27,2,31,29,1,0,0,72,28,1,4,0,8,6,3,171,1,225,15,1,227,11,0,32,858,0,0,0,0,5,0,6,11,9,12,0,0,0,11,2,256,0,0,43,984,408,570,295,123,1337,250,144,168,310,469,1250,110,61732,1014,74,631,934,92,124,10,75,18,242,752,334,133,536,133,1,73,172,1222,10,0,2,3,3,37,4,15,11,54,2,1,597,0,0,3,3,116,0,0,0,11,0,0,0,10,6,0,0,0,0,0,1,0,0,0,5700,0,0,14,6658,2,52,0,4,0,0,0,0,0,0,34,97,73,46,11133,122,5,79,10950,2,372,18,3,1,4528,1,57,0,0,1,27,0,0,0,1,40,0,0,0,259,9,0,2,0,0,4,2,1,0,0,11,0,2,1,1,0,2,0,3,37,0,0,3,3,6,23,23,2,0,1,16,31,7,43,43,115,45,0,0,1,0,4,0,35,11,0,0,0,183,2,10,0,31,0,9357,7,0,0,16,1530,0,29,1,97,0,1,1,2,42,0,5,52,0,2,0,0,0,0,14,0,0,0,135,869,0,5,31,20,17,0,0,0,0
37,2020-03-28,2,31,31,1,0,0,72,30,2,4,0,8,6,5,191,28,225,15,1,265,15,0,32,1063,0,0,0,0,5,0,6,25,11,21,0,0,0,13,2,466,0,0,61,984,410,570,295,125,1341,250,144,168,310,469,1251,112,62098,1014,74,631,934,92,124,10,75,18,242,752,334,133,536,133,1,73,172,1225,10,0,2,3,3,45,4,15,11,54,2,1,597,0,0,3,3,121,0,0,0,20,0,1,0,10,6,0,17,0,0,0,1,0,0,0,5700,0,0,14,8481,2,52,0,10,0,0,0,0,0,3,34,114,84,59,11679,131,5,89,12384,2,404,18,16,1,4811,1,64,0,0,1,30,0,0,0,1,40,0,0,0,320,9,0,2,0,0,4,2,1,0,0,11,0,2,1,1,0,2,0,3,50,0,0,3,3,7,23,29,2,0,1,16,35,7,43,45,139,49,0,0,1,1,6,0,37,18,0,0,0,198,2,10,0,31,0,12285,9,0,0,16,1530,0,30,1,97,0,1,1,2,70,0,5,52,0,2,0,0,0,0,14,0,0,0,135,1072,0,5,39,21,18,0,0,0,0
38,2020-03-29,2,33,31,1,0,0,72,30,2,4,0,8,6,5,191,28,479,15,1,272,15,0,32,1359,0,0,0,0,8,0,6,34,14,23,0,0,0,21,5,466,0,0,75,984,412,570,295,125,1349,250,144,168,310,469,1251,112,62570,1014,74,631,934,92,124,10,75,18,242,752,334,133,536,133,1,73,172,1225,10,0,2,3,4,52,4,15,11,70,2,1,603,0,0,3,3,132,0,0,0,20,0,1,0,10,6,0,17,0,0,0,1,0,0,0,7202,0,0,18,9211,2,52,0,10,0,0,0,1,0,3,34,135,95,64,12391,143,5,132,13030,2,424,18,20,1,5033,1,67,0,0,1,30,0,0,0,1,40,0,0,0,388,13,0,2,2,0,4,2,1,0,0,13,0,2,1,1,0,2,0,250,56,0,0,3,3,7,23,29,4,0,1,16,42,7,43,48,206,64,0,0,1,1,6,0,66,27,0,0,0,212,2,10,0,31,0,14709,11,0,0,16,1595,0,30,1,97,0,1,1,2,105,0,6,58,0,2,0,0,0,0,14,0,0,0,135,2665,0,7,39,25,18,0,0,0,0
39,2020-03-30,2,44,37,10,0,0,228,30,2,4,0,8,6,5,191,41,636,26,1,279,19,0,32,1527,0,0,0,0,17,0,120,38,17,31,0,0,0,21,5,466,0,0,156,984,415,570,295,125,1351,250,144,168,310,469,1251,123,62889,1014,74,631,935,92,124,10,75,18,242,753,338,133,536,133,1,73,172,1225,15,0,2,4,6,67,4,22,25,70,2,1,603,0,0,4,3,150,0,0,0,20,0,4,0,10,6,0,17,0,10,0,1,1,0,2,7927,0,0,20,13500,2,52,0,10,0,0,0,1,0,3,34,157,102,75,13911,152,5,161,14620,2,424,26,21,1,5228,1,72,3,0,1,35,0,0,0,7,40,0,0,0,479,13,0,2,2,0,35,15,1,2,0,15,0,2,1,1,0,2,0,250,63,0,0,8,12,12,29,76,4,0,1,53,42,7,43,51,209,66,0,0,1,1,13,0,115,27,0,0,0,228,7,10,0,31,0,16780,15,0,0,16,1823,0,39,1,229,0,1,1,3,162,0,8,61,0,2,0,0,0,0,34,0,0,0,135,5644,0,7,39,55,18,0,0,0,0
40,2020-03-31,5,52,46,10,1,0,240,30,3,4,0,8,6,5,291,41,1095,26,1,295,25,0,47,1696,0,1,0,0,17,0,127,45,17,32,0,0,0,23,5,1592,0,0,156,984,418,570,295,125,1356,250,144,168,310,469,1251,128,63153,1014,74,631,935,92,124,10,75,18,242,753,341,133,536,135,1,73,172,1226,31,0,2,4,7,67,8,23,45,74,2,1,603,0,0,5,54,157,0,1,0,26,0,2,0,10,6,0,22,27,10,0,1,1,0,2,9444,0,0,21,16100,31,52,0,12,0,0,0,1,0,3,37,198,123,81,14656,170,5,224,15729,2,424,30,24,1,5408,6,73,3,0,1,37,0,1,0,7,80,0,0,0,537,13,0,2,2,0,35,18,2,2,0,24,0,2,1,1,0,2,0,250,74,0,0,8,12,13,34,76,9,0,1,394,49,7,43,62,220,121,0,0,1,1,13,0,165,40,0,0,0,240,3,10,1,31,0,19259,17,1,0,16,1823,0,39,1,342,0,10,1,3,243,0,10,61,0,10,0,0,0,0,34,0,0,0,135,7024,41,7,39,58,18,0,0,0,0
41,2020-04-01,5,67,61,10,1,0,248,31,8,4,0,8,6,5,343,48,1436,26,1,337,25,0,53,2132,0,1,0,1,19,0,127,52,20,46,0,0,0,25,10,1324,0,0,234,984,418,570,298,127,1357,250,144,168,310,469,1251,147,63326,1014,74,631,935,92,124,10,75,18,242,753,341,133,537,135,1,73,172,1226,39,0,3,4,9,73,12,28,61,75,2,894,603,0,0,9,58,179,0,1,0,33,0,2,0,10,15,0,24,27,10,0,40,1,0,2,10934,0,2,23,18700,31,52,0,12,0,0,0,1,0,3,40,225,148,103,15473,182,5,241,16847,2,472,36,26,3,5567,10,80,3,0,1,43,0,0,0,7,80,0,0,0,645,13,0,2,2,0,35,23,2,2,0,29,0,2,1,1,0,3,6,250,83,0,0,9,17,13,34,94,9,0,1,394,50,47,43,71,252,190,0,0,1,1,13,0,264,45,0,0,0,245,3,10,1,50,0,22647,21,2,0,103,2967,0,39,1,505,0,10,1,5,333,0,13,61,0,10,0,0,0,0,34,0,0,0,135,8474,41,12,41,63,18,0,0,0,0
42,2020-04-02,10,76,61,10,1,0,256,33,11,4,0,8,6,5,422,64,1749,26,1,381,25,0,53,2495,0,1,1,1,20,0,127,56,25,50,0,0,0,34,10,1735,0,0,335,984,424,570,299,127,1365,252,144,162,310,469,1251,147,63471,1014,74,631,935,92,124,10,75,18,242,753,343,133,537,135,1,73,172,1228,55,2,3,6,15,88,13,28,67,81,2,1089,619,0,0,16,65,201,0,1,0,45,0,3,0,300,15,0,24,27,10,1,40,1,0,2,12428,0,2,26,22440,31,61,0,12,0,0,0,1,0,3,42,284,191,112,16711,202,5,338,18278,2,472,45,27,4,5828,10,81,5,0,31,46,0,0,0,7,80,0,0,0,767,13,0,2,2,0,35,23,2,2,0,31,0,3,1,1,0,3,6,250,92,0,0,20,17,32,57,125,9,0,2,537,51,56,68,72,267,235,0,0,1,1,21,0,328,55,0,0,0,266,5,70,1,50,0,26743,21,2,0,103,4013,0,45,2,505,0,17,1,5,415,0,19,96,0,11,0,0,0,0,46,0,0,0,135,9001,62,25,43,75,18,0,0,0,0
43,2020-04-03,10,89,62,16,1,0,266,43,18,4,0,8,46,5,476,92,2022,32,1,382,26,0,53,2872,0,2,2,1,27,0,127,65,30,50,0,0,0,35,17,2175,0,0,427,984,434,570,300,127,1368,252,144,162,310,469,1251,173,63612,1014,74,632,935,92,124,10,75,18,244,754,348,133,537,140,1,73,172,1228,55,2,3,11,19,92,15,28,72,91,3,1193,619,8,0,16,65,216,0,1,0,48,0,3,0,300,22,0,24,27,10,1,40,1,0,2,14008,1,2,28,24575,31,78,0,12,0,2,0,1,0,3,43,309,192,134,17935,226,5,403,19758,2,514,58,29,4,6021,10,82,6,0,1,50,0,0,0,7,500,0,0,0,827,13,0,2,2,0,633,26,3,2,1,57,0,3,1,1,0,3,6,250,103,0,0,25,20,32,57,126,10,0,6,537,52,56,68,93,283,281,0,0,1,1,21,0,351,66,0,0,0,282,10,70,1,95,0,30513,24,2,0,205,4846,0,50,3,612,0,17,1,5,484,0,22,108,0,14,0,0,13,0,46,0,0,0,135,9707,68,25,52,85,21,0,0,2,0
44,2020-04-04,10,99,90,21,2,0,279,43,18,4,1,8,46,5,527,92,2507,32,0,423,30,0,53,3247,0,2,2,1,30,0,127,66,34,66,0,0,0,50,17,2577,0,0,528,984,438,570,301,131,1378,252,144,162,310,469,1251,173,63762,1014,74,632,935,92,125,10,75,18,245,755,356,133,538,144,1,73,172,1229,85,2,3,13,25,119,15,33,78,93,3,1283,619,8,0,16,100,241,2,1,0,59,0,4,0,300,22,0,24,27,14,1,40,1,0,5,15438,1,2,36,26400,31,78,0,15,0,5,0,1,0,3,58,396,229,150,19736,259,25,427,20996,7,514,74,36,4,6325,16,93,9,0,1,54,3,0,0,7,500,0,0,0,915,13,1,2,2,7,633,29,3,2,1,66,1,3,1,1,0,5,6,250,127,0,0,25,20,32,61,131,13,0,12,914,57,116,75,109,329,333,0,0,1,1,27,0,420,72,0,0,0,297,10,79,1,95,0,34219,27,2,0,205,6415,2,50,3,674,0,17,1,5,786,0,25,125,0,14,0,1,13,0,52,0,0,0,135,14652,93,25,52,90,21,0,0,2,0
45,2020-04-05,15,104,90,26,2,0,280,57,28,4,1,8,46,5,573,92,2998,32,0,431,33,6,52,3751,0,5,2,2,30,0,127,73,37,90,0,0,0,50,17,3012,0,0,618,984,441,570,303,131,1387,252,144,162,310,469,1251,206,63945,1014,74,633,935,92,126,10,75,18,245,755,383,133,539,144,1,73,172,1230,88,2,3,16,37,125,15,37,96,99,3,1327,619,9,0,17,100,247,2,1,0,62,0,4,0,300,22,0,31,50,14,1,40,1,0,7,16183,1,2,36,28700,31,78,0,15,0,5,0,1,0,6,66,428,229,164,19736,279,25,477,21815,8,514,110,42,4,6463,23,99,9,0,1,54,3,0,0,7,500,0,2,0,1005,13,1,5,2,7,633,30,3,2,1,76,1,3,1,1,0,5,1,250,156,0,13,33,23,32,61,211,13,0,12,989,64,134,75,123,374,355,4,0,1,1,35,0,488,82,0,0,0,320,10,79,1,95,0,38080,33,2,0,205,6415,2,50,3,793,0,20,1,5,1042,0,28,144,0,14,0,1,27,0,52,0,0,0,135,17448,93,30,52,90,25,0,0,3,0
46,2020-04-06,18,116,90,31,2,0,325,62,40,4,2,173,53,26,620,162,3463,44,4,458,33,6,53,3986,0,5,2,2,47,0,127,82,39,108,0,0,1,53,17,3256,0,0,728,984,443,570,305,132,1395,252,144,162,310,469,1252,216,64014,1014,74,633,935,92,128,10,75,18,246,755,389,133,540,144,1,73,172,1230,88,2,5,18,41,130,18,45,121,107,4,1378,619,9,1,33,100,259,5,3,0,62,4,4,0,300,34,0,31,50,14,1,40,1,0,7,17250,1,2,39,28700,31,269,0,15,0,5,8,0,0,6,67,460,375,192,24236,344,25,585,22837,8,575,126,46,4,6598,23,103,33,0,16,60,3,1,55,8,500,0,2,0,1241,13,9,5,2,7,633,37,4,2,1,81,1,3,1,2,0,5,1,250,176,0,26,35,30,32,61,259,13,0,12,997,73,162,140,131,406,406,4,0,1,1,35,0,551,92,0,0,0,344,8,102,1,95,0,40437,38,2,0,205,8056,2,57,3,793,0,23,1,5,1326,0,28,167,0,17,0,1,27,0,52,55,0,0,135,19581,104,30,65,95,24,0,0,5,0
47,2020-04-07,18,131,113,39,2,0,338,87,40,4,2,173,53,26,620,162,4046,44,5,458,33,6,54,4157,0,5,2,2,68,0,127,85,42,127,0,0,1,58,43,3791,0,2,898,984,448,570,305,132,1401,252,144,162,312,469,1252,216,64073,1014,74,633,935,92,130,10,75,18,246,755,406,133,541,151,1,73,173,1230,100,2,9,24,41,167,27,47,172,120,10,1491,619,9,1,36,100,276,5,3,0,69,4,4,0,300,34,0,31,50,22,1,40,1,0,7,19337,1,2,46,36081,31,269,0,17,0,5,8,0,0,6,71,559,421,204,27039,373,25,770,24392,8,592,138,51,7,6694,24,105,33,0,16,62,3,1,55,8,500,0,7,0,1321,13,12,5,2,8,633,40,4,4,4,93,1,3,1,14,0,7,1,250,241,0,26,44,30,32,67,429,14,0,15,1301,84,191,184,150,460,494,7,0,1,1,40,0,615,105,0,0,0,377,13,102,1,95,0,43208,42,2,0,205,8704,3,57,5,888,0,23,1,25,1582,0,28,186,0,17,0,6,34,0,60,73,0,0,135,21763,150,30,65,123,42,0,0,7,0
48,2020-04-08,29,154,237,52,2,0,358,114,40,4,2,173,53,26,620,162,4512,63,5,477,33,8,77,4681,0,5,2,2,79,0,127,91,42,134,0,0,1,63,60,4154,0,2,1115,984,455,570,308,133,1411,252,144,162,312,470,1252,264,64142,1014,74,633,935,93,131,10,75,18,246,755,418,134,541,152,1,73,173,1232,123,2,9,29,48,179,27,52,233,131,11,1621,619,25,1,50,140,305,9,3,0,72,7,4,0,300,34,0,43,50,22,1,40,1,0,7,21254,1,2,50,46300,34,269,0,17,0,5,8,0,2,6,94,633,506,222,29812,452,25,801,26491,10,622,150,54,9,6776,30,111,33,0,16,62,3,8,55,8,500,0,11,0,1487,13,16,16,2,19,633,40,4,4,4,97,1,3,1,14,0,7,1,250,282,0,28,44,35,32,72,467,16,0,15,1333,96,222,196,178,528,580,7,0,1,1,40,0,631,113,0,0,0,406,16,120,1,95,0,48021,44,2,3,205,9800,4,61,5,888,0,23,1,25,1846,0,35,239,0,23,0,6,38,1,60,82,0,0,135,23559,150,30,65,126,44,0,0,7,0
49,2020-04-09,32,165,347,58,2,0,365,138,47,4,2,345,120,48,736,170,5240,101,5,519,33,11,139,5164,0,5,2,2,101,0,173,92,48,146,2,0,1,62,60,5162,0,2,1274,984,464,570,308,135,1423,252,144,162,313,470,1252,293,64187,1014,79,633,935,93,132,10,75,18,246,756,422,134,541,152,1,73,173,1235,174,5,9,30,52,219,28,53,301,136,11,1736,619,25,1,80,339,348,14,3,0,83,7,4,0,300,43,0,43,50,22,1,40,1,0,7,23206,1,2,51,52407,3,269,0,17,0,11,8,0,2,6,96,688,620,252,32309,496,25,1011,28470,12,632,161,60,12,6973,30,111,35,0,16,67,3,8,55,8,500,0,11,0,1608,13,22,16,2,23,633,50,5,4,4,109,1,3,1,20,0,7,1,250,317,0,40,51,37,32,109,572,16,0,18,1438,124,284,205,206,647,698,7,0,1,1,49,0,666,123,0,0,0,460,23,128,1,95,0,52165,49,2,4,205,10600,4,67,5,940,0,24,1,25,2142,0,45,268,0,25,0,6,40,1,60,92,0,0,135,25410,192,38,84,128,44,0,0,24,0
50,2020-04-10,32,182,405,71,2,0,375,149,59,4,2,372,179,48,926,203,6064,159,5,539,33,11,169,5568,0,5,2,2,129,0,173,99,54,146,2,0,1,72,98,5855,0,2,1571,984,469,570,311,135,1434,252,144,162,313,470,1252,309,64236,1014,79,634,936,95,132,10,75,18,246,756,435,134,546,158,1,73,173,1235,197,5,13,42,52,231,51,58,346,145,11,1773,619,36,5,98,368,384,15,3,0,93,7,4,0,300,43,0,67,50,50,1,40,1,0,11,24932,1,2,54,53913,4,269,0,17,0,15,8,0,2,7,112,751,774,282,35465,550,25,1183,30455,13,685,170,64,22,7117,52,123,35,0,16,76,3,8,55,54,500,0,11,0,1830,13,22,16,2,23,633,56,5,4,4,122,2,3,1,27,0,7,3,250,373,0,41,58,41,32,109,727,16,0,18,1569,140,318,233,227,729,795,7,0,1,1,50,0,685,137,0,0,0,492,23,137,1,410,0,55668,54,2,4,381,11100,4,91,5,1013,1,25,1,25,2423,0,61,418,0,25,0,6,40,1,69,103,0,0,344,28790,206,42,84,144,45,0,0,25,0
